Locality,ERP_2016,ERP_2021,ERP_2026,ERP_2031,ERP_2036,ERP_2041,ERP_2046,ERP_2051,ERP_2056,EMP_2016,EMP_2021,EMP_2026,EMP_2031,EMP_2036,EMP_2041,EMP_2046,EMP_2051,EMP_2056
ABBOTSBURY,6297.0,6410.0,6377.0,6374.0,6395.0,6549.0,6722.0,6911.0,7102.0,723.0,723.0,744.0,792.0,833.0,893.0,937.0,1012.0,1087.0
ABBOTSFORD,5601.0,5719.0,6011.0,6284.0,6484.0,6578.0,6687.0,6811.0,6849.0,803.0,889.0,976.0,1031.0,1087.0,1153.0,1221.0,1285.0,1354.0
ACACIA GARDENS,3958.0,4002.0,4079.0,4098.0,4212.0,4554.0,4873.0,5138.0,5502.0,289.0,332.0,431.0,511.0,595.0,640.0,665.0,678.0,721.0
AGNES BANKS,1392.0,1410.0,1420.0,1435.0,1467.0,1472.0,1478.0,1484.0,1490.0,421.0,414.0,412.0,417.0,428.0,448.0,466.0,482.0,508.0
AIRDS,2999.0,3623.0,4375.0,4875.0,5190.0,5250.0,5276.0,5291.0,5305.0,592.0,639.0,709.0,760.0,813.0,835.0,841.0,871.0,906.0
ALEXANDRIA,8655.0,9166.0,9559.0,9976.0,10381.0,10862.0,11372.0,11926.0,12466.0,26386.0,28205.0,28665.0,30005.0,31140.0,32293.0,33412.0,34342.0,35254.0
ALFORDS POINT,3265.0,3267.0,3269.0,3270.0,3300.0,3431.0,3542.0,3626.0,3849.0,300.0,324.0,340.0,361.0,387.0,410.0,432.0,452.0,473.0
ALLAMBIE HEIGHTS,7358.0,7390.0,7412.0,7424.0,7445.0,7585.0,7717.0,7827.0,8009.0,1985.0,1966.0,2022.0,2191.0,2389.0,2568.0,2736.0,2890.0,3051.0
ALLAWAH,6419.0,6508.0,6664.0,6832.0,7071.0,7294.0,7483.0,7638.0,7790.0,327.0,338.0,361.0,377.0,404.0,424.0,443.0,459.0,478.0
AMBARVALE,6613.0,6796.0,7010.0,7163.0,7366.0,7990.0,8749.0,9636.0,10529.0,527.0,561.0,611.0,647.0,683.0,707.0,724.0,753.0,786.0
ANNANDALE,9828.0,10049.0,10115.0,10326.0,11675.0,13418.0,14266.0,14563.0,14913.0,3051.0,3237.0,3353.0,3723.0,3969.0,4196.0,4408.0,4597.0,4783.0
ANNANGROVE,874.0,901.0,908.0,912.0,914.0,915.0,916.0,915.0,920.0,406.0,434.0,436.0,456.0,485.0,514.0,544.0,567.0,593.0
APPIN,2720.0,2792.0,2227.0,3046.0,4963.0,6111.0,6900.0,7496.0,8096.0,1610.0,2252.0,4175.0,4963.0,6215.0,7728.0,9608.0,10181.0,10425.0
ARCADIA,2016.0,2039.0,2048.0,2055.0,2194.0,2654.0,3093.0,3438.0,3622.0,643.0,681.0,692.0,726.0,768.0,812.0,854.0,889.0,925.0
ARNCLIFFE,9870.0,13648.0,16978.0,19647.0,21862.0,23763.0,25261.0,26878.0,28618.0,2276.0,2468.0,2703.0,2807.0,2910.0,3093.0,3279.0,3452.0,3632.0
ARNDELL PARK,35.0,39.0,45.0,49.0,55.0,58.0,61.0,64.0,68.0,6414.0,6486.0,6287.0,6206.0,6697.0,7131.0,7585.0,8011.0,8574.0
ARTARMON,9978.0,10020.0,10065.0,10129.0,10234.0,10388.0,10549.0,10706.0,11117.0,12092.0,12438.0,12701.0,12967.0,13287.0,13516.0,13706.0,13895.0,14167.0
ASHBURY,3351.0,3371.0,3458.0,3522.0,3589.0,3774.0,3962.0,4169.0,4373.0,417.0,441.0,476.0,511.0,540.0,568.0,596.0,620.0,645.0
ASHCROFT,3685.0,3817.0,4019.0,4229.0,4386.0,5131.0,5968.0,6936.0,6940.0,289.0,338.0,467.0,584.0,716.0,777.0,797.0,832.0,937.0
ASHFIELD,25598.0,27607.0,28381.0,28947.0,29594.0,30960.0,32214.0,33764.0,35334.0,8740.0,9414.0,10421.0,10992.0,11789.0,12451.0,13060.0,13606.0,14177.0
ASQUITH,3864.0,5864.0,6666.0,7217.0,7631.0,8289.0,8951.0,9662.0,10195.0,1637.0,1691.0,1741.0,1784.0,1877.0,1982.0,2081.0,2170.0,2259.0
AUBURN,38933.0,43758.0,45919.0,48326.0,51154.0,54904.0,59882.0,64678.0,68175.0,14591.0,15861.0,17684.0,19251.0,20610.0,21812.0,22989.0,24125.0,25304.0
AUSTRAL,2962.0,4109.0,7623.0,14883.0,23773.0,25849.0,32543.0,39285.0,49904.0,1259.0,2037.0,3411.0,5212.0,7723.0,11718.0,13833.0,15573.0,18182.0
AVALON BEACH,9692.0,9814.0,9942.0,10146.0,10770.0,11347.0,11877.0,12365.0,12851.0,3089.0,3269.0,3470.0,3747.0,4061.0,4310.0,4538.0,4737.0,4944.0
BADGERYS CREEK,237.0,220.0,207.0,108.0,198.0,304.0,310.0,309.0,311.0,356.0,550.0,6933.0,9843.0,12035.0,26088.0,40389.0,57633.0,58589.0
BALGOWLAH,8168.0,8244.0,8231.0,8281.0,8333.0,8534.0,8736.0,8936.0,9138.0,3550.0,3663.0,3682.0,3693.0,3707.0,3757.0,3787.0,3805.0,3828.0
BALGOWLAH HEIGHTS,2731.0,2752.0,2746.0,2776.0,2807.0,3015.0,3223.0,3429.0,3635.0,325.0,348.0,360.0,372.0,384.0,396.0,407.0,415.0,424.0
BALMAIN,11172.0,11609.0,11619.0,11622.0,11644.0,11671.0,12041.0,12705.0,13563.0,4778.0,4954.0,5116.0,6390.0,6793.0,7147.0,7471.0,7763.0,8062.0
BALMAIN EAST,2057.0,2077.0,2077.0,2077.0,2078.0,2081.0,2098.0,2131.0,2175.0,666.0,706.0,714.0,1188.0,1244.0,1287.0,1325.0,1361.0,1397.0
BANGOR,6359.0,6417.0,6487.0,6600.0,6769.0,7071.0,7385.0,7714.0,8016.0,1062.0,1166.0,1226.0,1313.0,1413.0,1503.0,1593.0,1674.0,1759.0
BANKSIA,3809.0,3837.0,3996.0,4191.0,4392.0,5343.0,6646.0,7671.0,8494.0,617.0,658.0,719.0,744.0,772.0,821.0,870.0,915.0,965.0
BANKSMEADOW,21.0,46.0,101.0,154.0,187.0,188.0,190.0,191.0,192.0,6956.0,7358.0,7660.0,7901.0,8070.0,8190.0,8308.0,8392.0,8517.0
BANKSTOWN,32353.0,35912.0,40063.0,45182.0,50028.0,53030.0,55463.0,56892.0,62979.0,16767.0,17890.0,20016.0,21443.0,23339.0,24959.0,26384.0,27630.0,28897.0
BANKSTOWN AERODROME,0.0,0.0,0.0,0.0,0.0,0.0,0.0,0.0,0.0,2897.0,3040.0,3050.0,2986.0,3038.0,3079.0,3136.0,3197.0,3298.0
BARANGAROO,202.0,377.0,403.0,559.0,727.0,847.0,951.0,1048.0,1153.0,11673.0,21009.0,22259.0,23782.0,25671.0,27032.0,28289.0,29187.0,30256.0
BARDEN RIDGE,4291.0,4338.0,4390.0,4474.0,4610.0,4860.0,5095.0,5334.0,5554.0,611.0,692.0,729.0,786.0,848.0,903.0,957.0,1008.0,1058.0
BARDIA,1663.0,3925.0,5328.0,5808.0,6177.0,6299.0,6348.0,6372.0,6396.0,106.0,113.0,121.0,121.0,129.0,135.0,140.0,151.0,161.0
BARDWELL PARK,2367.0,2396.0,2856.0,3469.0,4105.0,4450.0,4492.0,4549.0,4735.0,317.0,348.0,385.0,405.0,424.0,453.0,481.0,506.0,532.0
BARDWELL VALLEY,4532.0,4825.0,5234.0,5697.0,6166.0,6459.0,6543.0,6635.0,6865.0,411.0,439.0,482.0,506.0,529.0,567.0,605.0,642.0,682.0
BARGO,5833.0,5957.0,6176.0,6349.0,6528.0,6932.0,7493.0,8191.0,8895.0,1449.0,1538.0,1625.0,1739.0,1880.0,2018.0,2172.0,2237.0,2276.0
BASS HILL,6691.0,6949.0,7489.0,8174.0,9026.0,9800.0,10533.0,11332.0,11686.0,1696.0,1714.0,1822.0,1906.0,1983.0,2059.0,2140.0,2212.0,2311.0
BAULKHAM HILLS,34659.0,36068.0,37123.0,37841.0,39042.0,43970.0,50751.0,59270.0,59991.0,6017.0,6748.0,7313.0,7923.0,8566.0,9149.0,9731.0,10360.0,11048.0
BAYVIEW,3035.0,3083.0,3131.0,3617.0,4072.0,4338.0,4585.0,4771.0,4957.0,648.0,679.0,728.0,791.0,867.0,926.0,982.0,1032.0,1086.0
BEACON HILL,9055.0,9091.0,9128.0,9161.0,9284.0,10367.0,11408.0,12435.0,13497.0,977.0,1034.0,1076.0,1163.0,1261.0,1350.0,1429.0,1497.0,1564.0
BEACONSFIELD,1091.0,1213.0,1264.0,1381.0,1389.0,1405.0,1423.0,1445.0,1448.0,1230.0,1312.0,1340.0,1411.0,1476.0,1545.0,1610.0,1665.0,1721.0
BEAUMONT HILLS,8803.0,8974.0,9119.0,9218.0,9999.0,11023.0,11617.0,11722.0,13425.0,887.0,1086.0,1385.0,1672.0,2050.0,2131.0,2228.0,2311.0,2474.0
BEECROFT,8869.0,9666.0,9895.0,10023.0,10186.0,10662.0,11167.0,11694.0,12228.0,1888.0,2049.0,2297.0,2420.0,2537.0,2712.0,2836.0,2950.0,3101.0
BELFIELD,6618.0,7490.0,8337.0,8575.0,8655.0,8749.0,8915.0,9229.0,9627.0,881.0,928.0,1044.0,1112.0,1188.0,1234.0,1282.0,1328.0,1383.0
BELL,49.0,49.0,50.0,50.0,50.0,51.0,52.0,53.0,54.0,17.0,17.0,18.0,18.0,18.0,19.0,20.0,21.0,22.0
BELLA VISTA,9517.0,10801.0,13471.0,16716.0,19156.0,21327.0,23244.0,24776.0,26800.0,15849.0,18214.0,19045.0,21003.0,24271.0,26813.0,29904.0,32530.0,34999.0
BELLEVUE HILL,10213.0,10289.0,10341.0,10442.0,10527.0,11220.0,11497.0,11807.0,12033.0,1445.0,1534.0,1589.0,1666.0,1750.0,1876.0,1933.0,1978.0,2026.0
BELMORE,13287.0,14651.0,17116.0,20087.0,22432.0,23745.0,24892.0,25937.0,27244.0,3500.0,3617.0,3992.0,4286.0,4601.0,4804.0,5009.0,5214.0,5450.0
BELROSE,6151.0,6201.0,6248.0,6263.0,6298.0,6736.0,7155.0,7557.0,8000.0,6142.0,6332.0,6369.0,6625.0,6974.0,7312.0,7605.0,7847.0,8116.0
BERALA,9280.0,9470.0,9546.0,9632.0,9734.0,10037.0,10538.0,11027.0,11290.0,1152.0,1231.0,1334.0,1415.0,1499.0,1572.0,1654.0,1728.0,1811.0
BERKSHIRE PARK,2209.0,2325.0,2432.0,2543.0,2673.0,2855.0,3038.0,3221.0,3406.0,944.0,1056.0,1108.0,1162.0,1233.0,1343.0,1438.0,1559.0,1675.0
BEROWRA,5021.0,5113.0,5244.0,5449.0,5735.0,6135.0,6574.0,7045.0,7417.0,648.0,697.0,744.0,790.0,840.0,900.0,954.0,1003.0,1049.0
BEROWRA HEIGHTS,5243.0,5354.0,5451.0,5581.0,5848.0,6444.0,7072.0,7702.0,8108.0,790.0,823.0,874.0,923.0,977.0,1041.0,1104.0,1160.0,1214.0
BEVERLEY PARK,3048.0,3131.0,3259.0,3391.0,3577.0,3733.0,3843.0,3911.0,4021.0,930.0,967.0,1056.0,1128.0,1225.0,1292.0,1359.0,1422.0,1491.0
BEVERLY HILLS,11969.0,12309.0,12619.0,12884.0,13240.0,14231.0,15255.0,16273.0,17296.0,1878.0,1994.0,2154.0,2280.0,2441.0,2573.0,2701.0,2815.0,2942.0
BEXLEY,20686.0,21698.0,22294.0,22648.0,22908.0,23644.0,24545.0,25507.0,26545.0,3219.0,3571.0,3997.0,4198.0,4362.0,4673.0,4984.0,5285.0,5599.0
BEXLEY NORTH,4373.0,4629.0,4706.0,4744.0,4773.0,4973.0,5278.0,5593.0,5905.0,629.0,698.0,775.0,815.0,848.0,905.0,962.0,1017.0,1073.0
BICKLEY VALE,948.0,972.0,983.0,984.0,984.0,985.0,986.0,988.0,990.0,985.0,1124.0,1243.0,1311.0,1392.0,1651.0,1955.0,2435.0,2887.0
BIDWILL,4398.0,4569.0,4829.0,5055.0,5280.0,5357.0,5495.0,5669.0,5910.0,344.0,372.0,396.0,420.0,452.0,480.0,510.0,538.0,564.0
BILGOLA BEACH,2183.0,2212.0,2234.0,2271.0,2408.0,2515.0,2619.0,2713.0,2860.0,441.0,467.0,502.0,542.0,588.0,625.0,660.0,689.0,719.0
BILGOLA PLATEAU,1235.0,1251.0,1268.0,1294.0,1386.0,1461.0,1531.0,1595.0,1682.0,220.0,242.0,262.0,285.0,311.0,332.0,352.0,368.0,385.0
BILPIN,1089.0,1092.0,1092.0,1097.0,1113.0,1113.0,1114.0,1114.0,1114.0,172.0,182.0,185.0,190.0,197.0,208.0,216.0,225.0,237.0
BIRCHGROVE,3396.0,3406.0,3406.0,3405.0,3408.0,3412.0,3444.0,3508.0,3590.0,489.0,515.0,526.0,604.0,643.0,680.0,713.0,742.0,772.0
BIRRONG,3236.0,3317.0,3420.0,3666.0,4142.0,4499.0,4712.0,4848.0,5320.0,534.0,567.0,600.0,631.0,657.0,681.0,710.0,737.0,769.0
BLACKETT,3570.0,3676.0,3757.0,3801.0,3844.0,3905.0,4004.0,4125.0,4292.0,161.0,171.0,178.0,184.0,194.0,203.0,213.0,222.0,231.0
BLACKHEATH,1932.0,1942.0,1957.0,1959.0,1985.0,2084.0,2196.0,2317.0,2382.0,239.0,256.0,269.0,277.0,289.0,302.0,315.0,331.0,349.0
BLACKTOWN,48620.0,53037.0,57847.0,62447.0,68666.0,71891.0,76305.0,81632.0,83017.0,22094.0,23456.0,25103.0,26844.0,29024.0,31218.0,33605.0,35818.0,37896.0
BLAIR ATHOL,1816.0,1858.0,1965.0,2056.0,2179.0,2217.0,2232.0,2240.0,2248.0,4.0,4.0,4.0,4.0,4.0,5.0,5.0,5.0,5.0
BLAIRMOUNT,591.0,608.0,616.0,620.0,623.0,705.0,793.0,882.0,971.0,212.0,230.0,229.0,230.0,229.0,242.0,253.0,269.0,286.0
BLAKEHURST,6149.0,6229.0,6354.0,6479.0,6641.0,6781.0,6879.0,6939.0,7080.0,1014.0,1096.0,1177.0,1242.0,1327.0,1397.0,1465.0,1525.0,1592.0
BLAXLAND,7760.0,7787.0,7877.0,7892.0,8034.0,8341.0,8671.0,9029.0,9290.0,1877.0,1960.0,2029.0,2077.0,2151.0,2242.0,2324.0,2422.0,2545.0
BLIGH PARK,6539.0,6603.0,6664.0,6746.0,6834.0,7399.0,7966.0,8582.0,9203.0,563.0,582.0,593.0,605.0,624.0,664.0,699.0,733.0,775.0
BLUE MOUNTAINS NATIONAL PARK,17.0,17.0,17.0,17.0,17.0,17.0,17.0,17.0,18.0,74.0,122.0,125.0,125.0,129.0,136.0,142.0,142.0,147.0
BONDI,9123.0,9459.0,9578.0,9702.0,9941.0,10660.0,11382.0,11985.0,12592.0,1817.0,1939.0,1985.0,2092.0,2235.0,2384.0,2521.0,2641.0,2760.0
BONDI BEACH,10741.0,10985.0,11105.0,11286.0,11657.0,12684.0,13628.0,14355.0,15087.0,2912.0,3134.0,3259.0,3404.0,3596.0,3800.0,3984.0,4142.0,4305.0
BONDI JUNCTION,10114.0,11319.0,11792.0,12096.0,12277.0,12954.0,13804.0,14564.0,15328.0,15144.0,16021.0,16537.0,17358.0,18430.0,19515.0,20497.0,21340.0,22226.0
BONNET BAY,2190.0,2192.0,2193.0,2194.0,2215.0,2305.0,2381.0,2438.0,2588.0,196.0,220.0,233.0,248.0,266.0,282.0,297.0,310.0,325.0
BONNYRIGG,8980.0,10211.0,12268.0,14164.0,16046.0,17545.0,17743.0,17956.0,18170.0,1784.0,1840.0,1876.0,1989.0,2136.0,2271.0,2356.0,2465.0,2621.0
BONNYRIGG HEIGHTS,7579.0,7727.0,7915.0,8082.0,8336.0,8813.0,9362.0,9955.0,10554.0,784.0,842.0,879.0,945.0,1010.0,1087.0,1143.0,1208.0,1284.0
BOSSLEY PARK,13200.0,13458.0,14030.0,14545.0,15252.0,16359.0,17582.0,18904.0,20237.0,1446.0,1538.0,1596.0,1687.0,1794.0,1936.0,2041.0,2175.0,2327.0
BOTANY,11281.0,13507.0,14872.0,15720.0,16260.0,17806.0,19328.0,20818.0,22320.0,8806.0,9441.0,10027.0,10347.0,10669.0,11071.0,11458.0,11791.0,12160.0
BOTANY BAY,3.0,4.0,4.0,4.0,4.0,5.0,5.0,5.0,5.0,446.0,495.0,511.0,537.0,559.0,576.0,590.0,601.0,614.0
BOW BOWING,3321.0,3404.0,3689.0,3913.0,4199.0,4519.0,4920.0,5378.0,5839.0,145.0,156.0,179.0,190.0,209.0,213.0,215.0,224.0,233.0
BOWEN MOUNTAIN,3356.0,3420.0,3489.0,3573.0,3651.0,3848.0,4042.0,4251.0,4461.0,287.0,313.0,322.0,332.0,349.0,370.0,390.0,413.0,442.0
BOX HILL,980.0,5468.0,12709.0,18662.0,28206.0,30072.0,31137.0,31297.0,34302.0,511.0,2366.0,3999.0,7937.0,11445.0,12638.0,13599.0,14279.0,15130.0
BRADBURY,9069.0,9331.0,9801.0,10162.0,10618.0,11407.0,12369.0,13457.0,14553.0,928.0,989.0,1087.0,1144.0,1217.0,1244.0,1254.0,1300.0,1350.0
BREAKFAST POINT,4746.0,6112.0,7434.0,8023.0,8387.0,9077.0,9844.0,10667.0,11785.0,1148.0,1234.0,1345.0,1414.0,1483.0,1566.0,1649.0,1726.0,1807.0
BRIGHTON-LE-SANDS,9129.0,9548.0,9822.0,9980.0,10088.0,10362.0,10667.0,10992.0,11367.0,1885.0,2017.0,2234.0,2343.0,2450.0,2617.0,2779.0,2929.0,3088.0
BRINGELLY,2569.0,2946.0,4020.0,8400.0,18532.0,28191.0,31692.0,33761.0,38005.0,726.0,1665.0,3173.0,5227.0,8636.0,12317.0,15937.0,18275.0,20874.0
BRONTE,7392.0,7492.0,7521.0,7566.0,7684.0,8024.0,8365.0,8791.0,9223.0,1477.0,1587.0,1640.0,1737.0,1859.0,1989.0,2105.0,2207.0,2311.0
BROOKLYN,752.0,783.0,798.0,816.0,834.0,858.0,891.0,929.0,977.0,283.0,291.0,298.0,308.0,324.0,341.0,358.0,372.0,388.0
BROOKVALE,3401.0,3490.0,3665.0,3954.0,4257.0,4629.0,5047.0,5522.0,5824.0,16471.0,16788.0,16753.0,17353.0,18267.0,19117.0,19866.0,20489.0,21173.0
BULLABURRA,1271.0,1277.0,1302.0,1306.0,1346.0,1385.0,1425.0,1468.0,1504.0,106.0,109.0,112.0,114.0,118.0,122.0,126.0,132.0,139.0
BUNDEENA,2035.0,2066.0,2080.0,2090.0,2116.0,2206.0,2286.0,2345.0,2497.0,366.0,385.0,400.0,428.0,460.0,488.0,515.0,537.0,560.0
BUNGARRIBEE,2732.0,2778.0,2773.0,2759.0,2858.0,3197.0,3540.0,3844.0,4275.0,567.0,586.0,609.0,632.0,672.0,704.0,739.0,775.0,810.0
BURRANEER,3519.0,3595.0,3641.0,3692.0,3774.0,3947.0,4105.0,4239.0,4477.0,661.0,709.0,738.0,788.0,845.0,899.0,949.0,991.0,1036.0
BURWOOD,17223.0,20973.0,24118.0,26966.0,31203.0,33451.0,35471.0,37626.0,40075.0,12822.0,13193.0,14205.0,14986.0,16281.0,17488.0,18536.0,19466.0,20430.0
BUSBY,4427.0,4621.0,4850.0,5079.0,5251.0,5976.0,6772.0,7689.0,7694.0,281.0,326.0,474.0,605.0,760.0,846.0,891.0,942.0,1064.0
BUXTON,2088.0,2127.0,2155.0,2168.0,2178.0,2194.0,2212.0,2232.0,2253.0,151.0,158.0,181.0,199.0,222.0,241.0,261.0,271.0,274.0
CABARITA,2808.0,2828.0,2849.0,2866.0,2897.0,2978.0,3058.0,3142.0,3166.0,312.0,354.0,384.0,400.0,421.0,445.0,469.0,491.0,515.0
CABRAMATTA,22830.0,23290.0,23799.0,24348.0,25124.0,26966.0,28971.0,31119.0,33284.0,6101.0,6404.0,6524.0,6842.0,7240.0,7774.0,8144.0,8748.0,9378.0
CABRAMATTA WEST,7441.0,7619.0,7633.0,7633.0,7641.0,7888.0,8153.0,8439.0,8728.0,633.0,653.0,629.0,583.0,571.0,623.0,663.0,708.0,763.0
CADDENS,1514.0,2157.0,3371.0,4086.0,4764.0,4785.0,4808.0,4833.0,4859.0,1651.0,1861.0,2008.0,2170.0,2338.0,2560.0,2801.0,3075.0,3354.0
CAMBRIDGE GARDENS,2072.0,2101.0,2127.0,2155.0,2182.0,2622.0,3053.0,3478.0,3906.0,447.0,491.0,499.0,524.0,553.0,573.0,607.0,652.0,708.0
CAMBRIDGE PARK,6805.0,6974.0,7159.0,7374.0,7589.0,8880.0,10162.0,11448.0,12744.0,516.0,581.0,620.0,671.0,717.0,768.0,824.0,896.0,971.0
CAMDEN,3293.0,3604.0,3826.0,3971.0,4111.0,4448.0,4988.0,5657.0,6333.0,4289.0,4901.0,5316.0,5658.0,6056.0,7041.0,8142.0,9973.0,11495.0
CAMDEN PARK,2288.0,2367.0,2517.0,2547.0,2553.0,2558.0,2564.0,2570.0,2575.0,99.0,110.0,119.0,128.0,139.0,156.0,176.0,178.0,179.0
CAMDEN SOUTH,4655.0,4747.0,4852.0,4918.0,4977.0,5235.0,5682.0,6255.0,6833.0,510.0,555.0,588.0,625.0,669.0,769.0,878.0,1061.0,1207.0
CAMELLIA,1.0,1.0,475.0,1232.0,2221.0,2457.0,2504.0,2550.0,2646.0,615.0,661.0,787.0,929.0,1098.0,1147.0,1206.0,1269.0,1323.0
CAMMERAY,8364.0,8649.0,8891.0,9135.0,9492.0,9971.0,10488.0,10973.0,11552.0,1871.0,1972.0,2057.0,2200.0,2351.0,2498.0,2633.0,2749.0,2867.0
CAMPBELLTOWN,14045.0,17200.0,20626.0,23072.0,26259.0,27729.0,28754.0,29677.0,30609.0,19198.0,20493.0,22206.0,23656.0,25193.0,26771.0,28918.0,32074.0,34240.0
CAMPERDOWN,9446.0,9786.0,10066.0,10764.0,11812.0,12716.0,13633.0,14555.0,15541.0,17311.0,18781.0,19207.0,20606.0,21920.0,23237.0,24584.0,25917.0,27288.0
CAMPSIE,23296.0,25954.0,31709.0,36721.0,40857.0,44579.0,48243.0,51543.0,54294.0,6676.0,7308.0,8211.0,8940.0,9640.0,10108.0,10645.0,11143.0,11674.0
CANLEY HEIGHTS,11874.0,12227.0,12484.0,12849.0,13460.0,14128.0,14963.0,15875.0,16793.0,1186.0,1223.0,1232.0,1273.0,1334.0,1284.0,1256.0,1260.0,1211.0
CANLEY VALE,9585.0,9749.0,10066.0,10414.0,10906.0,11291.0,11774.0,12299.0,12831.0,1557.0,1695.0,1742.0,1812.0,1905.0,1834.0,1799.0,1788.0,1729.0
CANOELANDS,113.0,114.0,114.0,115.0,117.0,123.0,129.0,136.0,143.0,138.0,148.0,151.0,158.0,167.0,177.0,186.0,194.0,202.0
CANTERBURY,9864.0,13764.0,17170.0,21145.0,24247.0,26660.0,29076.0,31266.0,32993.0,1700.0,1764.0,1917.0,2049.0,2187.0,2290.0,2402.0,2505.0,2609.0
CARINGBAH,12209.0,12856.0,13618.0,14783.0,15891.0,16843.0,17811.0,18770.0,19789.0,13779.0,14219.0,14421.0,15145.0,16168.0,17080.0,17971.0,18763.0,19644.0
CARINGBAH SOUTH,12495.0,12807.0,13127.0,13614.0,14203.0,15036.0,15986.0,17046.0,17682.0,1093.0,1146.0,1181.0,1252.0,1341.0,1423.0,1498.0,1562.0,1627.0
CARLINGFORD,26402.0,30267.0,32229.0,33605.0,34816.0,38386.0,42100.0,45753.0,46377.0,5239.0,5692.0,6315.0,6740.0,7163.0,7625.0,8085.0,8516.0,8797.0
CARLTON,8944.0,9216.0,9590.0,9899.0,10253.0,10679.0,11155.0,11637.0,12144.0,1878.0,1979.0,2094.0,2178.0,2304.0,2412.0,2514.0,2606.0,2710.0
CARNES HILL,3757.0,4307.0,6326.0,7691.0,8823.0,9019.0,10077.0,11572.0,14582.0,1059.0,1110.0,1391.0,1644.0,1907.0,1934.0,2002.0,2026.0,2336.0
CARRAMAR,3673.0,3770.0,3833.0,3906.0,4032.0,4492.0,4994.0,5523.0,6057.0,802.0,900.0,1023.0,1156.0,1283.0,1406.0,1521.0,1646.0,1772.0
CARSS PARK,1595.0,1652.0,1747.0,1846.0,1984.0,2101.0,2182.0,2231.0,2286.0,339.0,361.0,391.0,413.0,444.0,468.0,492.0,513.0,536.0
CARTWRIGHT,2434.0,2706.0,3096.0,3506.0,3807.0,5322.0,7039.0,9027.0,9032.0,168.0,183.0,203.0,218.0,226.0,246.0,275.0,309.0,335.0
CASTLE COVE,2689.0,2701.0,2713.0,2730.0,2759.0,2895.0,3037.0,3183.0,3307.0,504.0,533.0,562.0,587.0,617.0,641.0,661.0,681.0,702.0
CASTLE HILL,41291.0,43391.0,48285.0,53152.0,62134.0,66803.0,71228.0,75198.0,79378.0,22113.0,25259.0,28643.0,30995.0,33631.0,35897.0,38709.0,41351.0,44069.0
CASTLECRAG,2835.0,2841.0,2848.0,2859.0,2895.0,3012.0,3111.0,3188.0,3319.0,734.0,746.0,764.0,792.0,824.0,850.0,875.0,899.0,923.0
CASTLEREAGH,3444.0,3955.0,4467.0,5923.0,8260.0,8262.0,8264.0,8266.0,8268.0,1079.0,1174.0,1222.0,1252.0,1270.0,1293.0,1308.0,1351.0,1407.0
CASULA,16254.0,17395.0,18813.0,19930.0,20658.0,22892.0,25760.0,29235.0,29943.0,3541.0,3821.0,3989.0,4222.0,4326.0,4389.0,4658.0,4989.0,5292.0
CATHERINE FIELD,1704.0,2513.0,3312.0,4301.0,5705.0,6511.0,7042.0,7348.0,7659.0,550.0,583.0,705.0,817.0,954.0,1036.0,1039.0,1095.0,1243.0
CAWDOR,303.0,309.0,320.0,329.0,339.0,347.0,356.0,366.0,377.0,128.0,125.0,140.0,153.0,170.0,186.0,203.0,210.0,219.0
CECIL HILLS,7271.0,7370.0,7721.0,7938.0,8088.0,7912.0,7759.0,7605.0,7248.0,985.0,1106.0,1538.0,1924.0,2339.0,2396.0,2356.0,2295.0,2539.0
CECIL PARK,1159.0,1239.0,1892.0,2988.0,3479.0,4607.0,5780.0,7013.0,8960.0,534.0,739.0,916.0,1079.0,1429.0,1866.0,2378.0,2743.0,3070.0
CENTENNIAL PARK,3.0,3.0,3.0,3.0,3.0,3.0,3.0,3.0,3.0,124.0,147.0,160.0,165.0,167.0,173.0,180.0,188.0,195.0
CHATSWOOD,24238.0,24976.0,25856.0,26875.0,28442.0,30973.0,33582.0,35986.0,38131.0,32192.0,34502.0,36141.0,37663.0,39309.0,40476.0,41930.0,43086.0,44018.0
CHATSWOOD WEST,1878.0,1891.0,1901.0,1960.0,2137.0,2250.0,2388.0,2464.0,2584.0,209.0,213.0,225.0,233.0,243.0,250.0,256.0,261.0,266.0
CHELTENHAM,2328.0,2343.0,2346.0,2348.0,2365.0,2424.0,2476.0,2524.0,2650.0,359.0,412.0,458.0,493.0,523.0,562.0,593.0,621.0,654.0
CHERRYBROOK,19449.0,19651.0,21257.0,24022.0,27253.0,28248.0,29293.0,30342.0,32012.0,2773.0,3142.0,3433.0,3732.0,4048.0,4325.0,4581.0,4861.0,5147.0
CHESTER HILL,13809.0,14858.0,16105.0,17125.0,18013.0,19486.0,21216.0,23184.0,23679.0,4786.0,5138.0,5420.0,5685.0,5995.0,6284.0,6564.0,6815.0,7102.0
CHIFLEY,4171.0,4198.0,4230.0,4448.0,4530.0,4613.0,4682.0,4894.0,5129.0,459.0,489.0,533.0,560.0,590.0,630.0,675.0,718.0,763.0
CHIPPENDALE,9106.0,9598.0,9702.0,10579.0,11569.0,12371.0,13121.0,13854.0,14644.0,4616.0,6065.0,7254.0,8498.0,9491.0,10481.0,11045.0,11530.0,12065.0
CHIPPING NORTON,9332.0,9885.0,10747.0,11520.0,12309.0,12970.0,13651.0,14450.0,14182.0,7233.0,7495.0,7253.0,7134.0,7221.0,7265.0,7520.0,7925.0,8756.0
CHISWICK,2528.0,2554.0,2602.0,2669.0,2818.0,3060.0,3315.0,3582.0,3880.0,244.0,267.0,292.0,309.0,327.0,348.0,368.0,385.0,404.0
CHULLORA,0.0,0.0,0.0,0.0,0.0,0.0,0.0,0.0,0.0,6940.0,7357.0,7261.0,7128.0,7233.0,7302.0,7427.0,7576.0,7823.0
CHURCH POINT,1733.0,1781.0,1824.0,2300.0,2742.0,2998.0,3235.0,3411.0,3566.0,361.0,377.0,396.0,419.0,449.0,476.0,499.0,517.0,537.0
CLAREMONT MEADOWS,4889.0,5251.0,5749.0,6239.0,6531.0,6601.0,6677.0,6761.0,6845.0,437.0,476.0,542.0,601.0,657.0,698.0,749.0,813.0,884.0
CLAREVILLE,1416.0,1435.0,1455.0,1486.0,1592.0,1681.0,1764.0,1839.0,1935.0,243.0,261.0,282.0,302.0,325.0,346.0,364.0,379.0,394.0
CLAYMORE,2834.0,3044.0,3105.0,3119.0,3125.0,3147.0,3155.0,3159.0,3163.0,159.0,167.0,167.0,167.0,168.0,178.0,184.0,197.0,212.0
CLEMTON PARK,1917.0,2615.0,2956.0,3408.0,3886.0,4775.0,5422.0,5870.0,6202.0,814.0,933.0,1015.0,1064.0,1125.0,1163.0,1199.0,1239.0,1288.0
CLONTARF,2784.0,2800.0,2794.0,2823.0,2853.0,3043.0,3233.0,3421.0,3609.0,540.0,572.0,582.0,588.0,596.0,609.0,619.0,624.0,630.0
CLOVELLY,4805.0,4823.0,4859.0,4968.0,5068.0,5179.0,5297.0,5501.0,5807.0,743.0,804.0,881.0,925.0,974.0,1040.0,1112.0,1178.0,1247.0
CLYDE,6.0,8.0,8.0,9.0,9.0,343.0,905.0,1280.0,2057.0,1609.0,1738.0,1767.0,1798.0,1865.0,1943.0,2071.0,2207.0,2297.0
COBBITTY,2103.0,5327.0,10148.0,12080.0,14623.0,16090.0,17060.0,17628.0,18199.0,782.0,1039.0,1435.0,1666.0,1951.0,2181.0,2297.0,2473.0,2916.0
COLEBEE,1994.0,4596.0,5401.0,5639.0,5988.0,6714.0,7284.0,7706.0,8278.0,43.0,48.0,278.0,563.0,761.0,924.0,1165.0,1365.0,1284.0
COLLAROY,10481.0,10528.0,10591.0,10668.0,10745.0,11014.0,11288.0,11557.0,11895.0,2119.0,2204.0,2259.0,2410.0,2584.0,2745.0,2890.0,3016.0,3140.0
COLLAROY PLATEAU,6433.0,6451.0,6466.0,6473.0,6504.0,6856.0,7195.0,7522.0,7897.0,902.0,936.0,963.0,1032.0,1109.0,1180.0,1246.0,1301.0,1355.0
COLYTON,8671.0,8885.0,9083.0,9288.0,9472.0,11154.0,12809.0,14435.0,16074.0,947.0,1008.0,1060.0,1131.0,1202.0,1382.0,1542.0,1718.0,1902.0
COMO,4073.0,4170.0,4255.0,4378.0,4522.0,4699.0,4912.0,5166.0,5314.0,445.0,488.0,509.0,539.0,576.0,609.0,641.0,669.0,699.0
CONCORD,15207.0,15638.0,16444.0,17285.0,18155.0,19309.0,20448.0,21632.0,22062.0,3531.0,4061.0,4545.0,5110.0,5476.0,5922.0,6275.0,6609.0,6966.0
CONCORD WEST,7426.0,7672.0,8214.0,8800.0,9376.0,10056.0,10706.0,11361.0,11777.0,7092.0,7756.0,8643.0,9318.0,10094.0,10929.0,11755.0,12528.0,13387.0
CONDELL PARK,11834.0,12330.0,12994.0,13544.0,14008.0,14729.0,15625.0,16595.0,16937.0,5679.0,5889.0,6121.0,6286.0,6447.0,6602.0,6792.0,6992.0,7249.0
CONNELLS POINT,2940.0,2945.0,2949.0,2952.0,2954.0,2956.0,2958.0,2959.0,3030.0,303.0,328.0,357.0,380.0,408.0,430.0,452.0,472.0,494.0
CONSTITUTION HILL,4005.0,4122.0,4234.0,4357.0,4503.0,4643.0,4774.0,4896.0,4960.0,255.0,265.0,290.0,312.0,336.0,352.0,374.0,396.0,415.0
COOGEE,16580.0,17075.0,17606.0,17827.0,18289.0,18899.0,19676.0,20389.0,21515.0,3058.0,3343.0,3613.0,3766.0,3936.0,4176.0,4440.0,4682.0,4933.0
COWAN,691.0,699.0,707.0,719.0,740.0,786.0,835.0,885.0,931.0,216.0,226.0,234.0,247.0,261.0,278.0,294.0,307.0,320.0
CRANEBROOK,13932.0,14750.0,15278.0,15739.0,16105.0,17022.0,17916.0,18796.0,19683.0,1192.0,1310.0,1355.0,1393.0,1424.0,1455.0,1485.0,1541.0,1612.0
CREMORNE,12489.0,13051.0,13448.0,13863.0,14734.0,16020.0,17199.0,18309.0,19289.0,2406.0,2560.0,2672.0,2872.0,3072.0,3269.0,3451.0,3610.0,3771.0
CREMORNE POINT,2012.0,2033.0,2057.0,2081.0,2143.0,2234.0,2305.0,2386.0,2511.0,201.0,213.0,224.0,240.0,256.0,270.0,284.0,295.0,306.0
CROMER,7790.0,7832.0,7898.0,7979.0,8130.0,9027.0,9841.0,10610.0,11416.0,3642.0,3692.0,3674.0,3793.0,3995.0,4168.0,4329.0,4468.0,4636.0
CRONULLA,18933.0,19650.0,20181.0,20888.0,21605.0,22404.0,23212.0,23943.0,25105.0,5274.0,5618.0,5817.0,6219.0,6668.0,7059.0,7422.0,7721.0,8040.0
CROWS NEST,3627.0,3961.0,4591.0,5562.0,6487.0,6670.0,6938.0,7292.0,7688.0,6061.0,6440.0,6732.0,7165.0,7603.0,8049.0,8442.0,8767.0,9106.0
CROYDON,11031.0,11564.0,11981.0,12241.0,12702.0,14052.0,15147.0,15964.0,16902.0,3179.0,3356.0,3696.0,3926.0,4307.0,4647.0,4949.0,5234.0,5512.0
CROYDON PARK,12588.0,13172.0,13756.0,14378.0,15074.0,16226.0,17485.0,18927.0,19978.0,1492.0,1573.0,1734.0,1839.0,1980.0,2108.0,2222.0,2329.0,2435.0
CURL CURL,5785.0,5804.0,5820.0,5827.0,5838.0,5925.0,6007.0,6076.0,6203.0,1063.0,1120.0,1157.0,1250.0,1352.0,1445.0,1531.0,1606.0,1681.0
CURRANS HILL,5423.0,5697.0,6028.0,6102.0,6145.0,6160.0,6179.0,6195.0,6210.0,466.0,522.0,565.0,595.0,631.0,662.0,697.0,781.0,846.0
DACEYVILLE,1261.0,1298.0,1313.0,1320.0,1339.0,1359.0,1379.0,1401.0,1422.0,411.0,537.0,662.0,704.0,735.0,785.0,835.0,885.0,935.0
DANGAR ISLAND,304.0,308.0,310.0,310.0,312.0,320.0,328.0,336.0,353.0,39.0,40.0,40.0,41.0,43.0,45.0,47.0,49.0,51.0
DARLING POINT,5039.0,5047.0,5063.0,5094.0,5121.0,5314.0,5392.0,5482.0,5573.0,1005.0,1071.0,1106.0,1153.0,1209.0,1286.0,1325.0,1357.0,1394.0
DARLINGHURST,12242.0,12436.0,12563.0,13052.0,13560.0,14103.0,14668.0,15265.0,15906.0,14530.0,15299.0,15799.0,16880.0,17879.0,18978.0,20129.0,21234.0,22336.0
DARLINGTON,3672.0,3721.0,3738.0,3797.0,3839.0,3877.0,3915.0,3957.0,4000.0,2165.0,2435.0,2491.0,2681.0,2853.0,3027.0,3205.0,3373.0,3541.0
DAVIDSON,3884.0,3895.0,3905.0,3908.0,3911.0,3961.0,4007.0,4044.0,4119.0,645.0,690.0,710.0,765.0,825.0,880.0,931.0,976.0,1020.0
DAWES POINT,495.0,506.0,512.0,529.0,543.0,554.0,566.0,577.0,588.0,2441.0,2576.0,2680.0,2838.0,2990.0,3167.0,3333.0,3476.0,3633.0
DEAN PARK,3338.0,3429.0,3481.0,3515.0,3554.0,3585.0,3614.0,3637.0,3665.0,357.0,360.0,383.0,393.0,429.0,460.0,493.0,524.0,558.0
DEE WHY,22151.0,22412.0,22720.0,23145.0,23644.0,25568.0,27441.0,29167.0,30405.0,5591.0,5877.0,6092.0,6528.0,7023.0,7480.0,7887.0,8231.0,8579.0
DENHAM COURT,2060.0,3651.0,5063.0,5692.0,6048.0,6335.0,6615.0,6922.0,7233.0,223.0,314.0,869.0,948.0,1120.0,1302.0,1342.0,1459.0,1565.0
DENISTONE,5640.0,5888.0,6132.0,6381.0,6645.0,7428.0,8335.0,9371.0,9389.0,559.0,619.0,675.0,726.0,782.0,834.0,885.0,930.0,978.0
DENISTONE EAST,1614.0,1692.0,1754.0,1814.0,1875.0,2046.0,2250.0,2489.0,2490.0,246.0,282.0,308.0,330.0,354.0,376.0,398.0,417.0,438.0
DHARRUK,2831.0,2882.0,2911.0,2927.0,2950.0,3009.0,3097.0,3199.0,3340.0,233.0,251.0,260.0,271.0,289.0,304.0,320.0,334.0,347.0
DOONSIDE,13894.0,14394.0,14319.0,14121.0,14485.0,15249.0,16169.0,17131.0,18170.0,1472.0,1595.0,1624.0,1664.0,1791.0,1890.0,1994.0,2103.0,2179.0
DOUBLE BAY,5272.0,5345.0,5418.0,5534.0,5628.0,6427.0,6750.0,7118.0,7282.0,5014.0,5298.0,5441.0,5681.0,5942.0,6322.0,6500.0,6642.0,6797.0
DOUGLAS PARK,1408.0,1435.0,1401.0,1319.0,1210.0,1301.0,1644.0,2337.0,3035.0,632.0,794.0,1279.0,1472.0,1776.0,2123.0,2543.0,2574.0,2575.0
DOVER HEIGHTS,5064.0,5153.0,5182.0,5233.0,5364.0,5752.0,6095.0,6412.0,6734.0,791.0,854.0,882.0,936.0,1000.0,1069.0,1131.0,1184.0,1239.0
DRUMMOYNE,12612.0,13329.0,14446.0,14929.0,15199.0,15335.0,15495.0,15682.0,15897.0,4228.0,4708.0,5058.0,5353.0,5636.0,5964.0,6288.0,6578.0,6898.0
DULWICH HILL,14956.0,17327.0,18495.0,19303.0,20503.0,21411.0,22385.0,23416.0,24499.0,1944.0,2197.0,2428.0,2557.0,2751.0,2910.0,3068.0,3212.0,3344.0
DUNDAS,3623.0,3813.0,3977.0,4156.0,4342.0,4493.0,4644.0,4776.0,4900.0,95.0,102.0,117.0,127.0,137.0,148.0,160.0,170.0,179.0
DUNDAS VALLEY,4855.0,5140.0,5371.0,5620.0,5921.0,6153.0,6341.0,6527.0,6571.0,511.0,535.0,594.0,630.0,671.0,713.0,757.0,798.0,827.0
DURAL,6817.0,7011.0,7201.0,7334.0,7515.0,7721.0,8038.0,8424.0,8708.0,5048.0,5503.0,5533.0,5809.0,6201.0,6583.0,6975.0,7307.0,7659.0
EAGLE VALE,6330.0,6660.0,6865.0,6933.0,6982.0,7881.0,8914.0,10096.0,11290.0,866.0,897.0,889.0,887.0,887.0,927.0,950.0,1009.0,1078.0
EARLWOOD,18672.0,19027.0,19778.0,20571.0,21243.0,21671.0,22270.0,23213.0,24317.0,2226.0,2343.0,2630.0,2857.0,3085.0,3234.0,3385.0,3525.0,3693.0
EAST HILLS,2255.0,2363.0,2506.0,2639.0,2809.0,3026.0,3240.0,3473.0,3630.0,353.0,378.0,401.0,423.0,442.0,459.0,479.0,497.0,518.0
EAST KILLARA,3091.0,3118.0,3132.0,3140.0,3191.0,3295.0,3386.0,3514.0,3679.0,315.0,339.0,367.0,389.0,405.0,431.0,454.0,473.0,494.0
EAST KURRAJONG,1886.0,1889.0,1891.0,1911.0,1976.0,1976.0,1976.0,1976.0,1976.0,557.0,582.0,573.0,583.0,604.0,633.0,659.0,689.0,734.0
EAST LINDFIELD,4240.0,4289.0,4314.0,4329.0,4395.0,4528.0,4646.0,4817.0,5042.0,540.0,586.0,634.0,672.0,699.0,743.0,782.0,817.0,854.0
EAST RYDE,2185.0,2246.0,2308.0,2370.0,2436.0,2646.0,2880.0,3138.0,3147.0,487.0,525.0,584.0,630.0,681.0,729.0,777.0,824.0,874.0
EASTERN CREEK,9.0,9.0,9.0,9.0,9.0,9.0,9.0,9.0,9.0,9141.0,11756.0,14555.0,16821.0,18284.0,19476.0,20717.0,21865.0,23388.0
EASTGARDENS,0.0,1226.0,1762.0,1926.0,2126.0,2126.0,2124.0,2124.0,2124.0,1690.0,2276.0,2453.0,2583.0,2680.0,2810.0,2938.0,3047.0,3154.0
EASTLAKES,9774.0,10768.0,11236.0,11393.0,11606.0,12303.0,13045.0,13825.0,14614.0,1709.0,1970.0,2126.0,2216.0,2291.0,2404.0,2513.0,2611.0,2713.0
EASTWOOD,18947.0,21678.0,23853.0,25217.0,26271.0,27818.0,29469.0,31166.0,32318.0,5880.0,6645.0,7226.0,7711.0,8235.0,8740.0,9223.0,9658.0,10116.0
EBENEZER,1702.0,1706.0,1706.0,1713.0,1736.0,1736.0,1736.0,1736.0,1735.0,332.0,346.0,341.0,347.0,360.0,377.0,393.0,410.0,436.0
EDENSOR PARK,10198.0,10407.0,10698.0,10969.0,11367.0,12143.0,13001.0,13928.0,14864.0,1172.0,1199.0,1225.0,1296.0,1370.0,1469.0,1536.0,1641.0,1755.0
EDGECLIFF,1569.0,1570.0,1571.0,1576.0,1580.0,1599.0,1605.0,1610.0,1635.0,1632.0,1720.0,1785.0,1872.0,1971.0,2108.0,2184.0,2246.0,2314.0
EDMONDSON PARK,2347.0,7965.0,10348.0,12882.0,13851.0,17116.0,21821.0,26611.0,35335.0,266.0,1395.0,2300.0,2573.0,3691.0,5277.0,5679.0,6154.0,6663.0
ELANORA HEIGHTS,3538.0,3589.0,3654.0,4168.0,4600.0,4872.0,5141.0,5380.0,5518.0,731.0,783.0,840.0,914.0,999.0,1067.0,1130.0,1184.0,1240.0
ELDERSLIE,6151.0,7093.0,8566.0,9122.0,9553.0,10750.0,11974.0,13165.0,14363.0,837.0,963.0,1067.0,1143.0,1235.0,1592.0,2001.0,2599.0,3129.0
ELIZABETH BAY,4263.0,4280.0,4288.0,4329.0,4375.0,4416.0,4457.0,4502.0,4550.0,1128.0,1197.0,1242.0,1318.0,1390.0,1474.0,1554.0,1623.0,1694.0
ELIZABETH HILLS,2630.0,3141.0,4557.0,5960.0,7554.0,9053.0,10288.0,11779.0,13730.0,492.0,703.0,911.0,995.0,1102.0,1079.0,1011.0,888.0,960.0
ELLIS LANE,2090.0,2202.0,2340.0,2486.0,2643.0,2768.0,2894.0,3015.0,3137.0,45.0,49.0,52.0,55.0,58.0,68.0,78.0,95.0,110.0
EMERTON,2310.0,2377.0,2456.0,2507.0,2565.0,2633.0,2729.0,2847.0,2861.0,634.0,651.0,638.0,667.0,713.0,751.0,790.0,826.0,860.0
EMU HEIGHTS,3371.0,3416.0,3457.0,3503.0,3551.0,4193.0,4826.0,5453.0,6085.0,285.0,310.0,332.0,362.0,388.0,411.0,433.0,465.0,502.0
EMU PLAINS,8623.0,8886.0,9225.0,9611.0,9931.0,11520.0,13110.0,14713.0,16328.0,4797.0,5183.0,5552.0,5949.0,6302.0,6627.0,6976.0,7488.0,8099.0
ENFIELD,2963.0,3247.0,3591.0,3934.0,4403.0,4667.0,4936.0,5249.0,5574.0,1171.0,1216.0,1321.0,1394.0,1525.0,1646.0,1750.0,1844.0,1940.0
ENGADINE,17424.0,17966.0,18307.0,18707.0,19241.0,20200.0,21152.0,22094.0,23258.0,3880.0,4261.0,4454.0,4743.0,5085.0,5381.0,5674.0,5935.0,6209.0
ENMORE,4125.0,4173.0,4229.0,4256.0,4289.0,4591.0,4927.0,5293.0,5625.0,849.0,1028.0,1120.0,1175.0,1252.0,1311.0,1365.0,1417.0,1469.0
EPPING,23432.0,28933.0,32466.0,35784.0,37888.0,40809.0,43112.0,44726.0,46850.0,5219.0,6044.0,6627.0,7149.0,7565.0,8055.0,8731.0,9276.0,9735.0
ERMINGTON,10984.0,12422.0,13297.0,14169.0,15033.0,15664.0,16343.0,16998.0,17731.0,1544.0,1634.0,1808.0,1916.0,2032.0,2159.0,2288.0,2408.0,2489.0
ERSKINE PARK,6669.0,6776.0,6927.0,7123.0,7316.0,8693.0,10060.0,11417.0,12786.0,6688.0,7708.0,8777.0,10116.0,10360.0,10914.0,11449.0,12099.0,12891.0
ERSKINEVILLE,8617.0,9449.0,9552.0,9839.0,10222.0,10614.0,11006.0,11418.0,11869.0,2259.0,2414.0,2470.0,2596.0,2702.0,2815.0,2932.0,3030.0,3121.0
ESCHOL PARK,2428.0,2484.0,2505.0,2514.0,2522.0,2798.0,3136.0,3531.0,3929.0,146.0,155.0,155.0,152.0,153.0,162.0,169.0,185.0,199.0
EVELEIGH,705.0,710.0,721.0,2113.0,3646.0,4541.0,5209.0,5775.0,6395.0,4290.0,6036.0,7341.0,8873.0,9973.0,10618.0,11109.0,11515.0,11974.0
FAIRFIELD,18434.0,19350.0,19989.0,20608.0,21629.0,23624.0,26085.0,28775.0,31490.0,6368.0,6670.0,6692.0,6820.0,6987.0,7205.0,7416.0,7872.0,8214.0
FAIRFIELD EAST,5004.0,5163.0,5361.0,5576.0,5819.0,6114.0,6463.0,6833.0,7206.0,4071.0,4236.0,4367.0,4453.0,4618.0,4782.0,4917.0,5104.0,5404.0
FAIRFIELD HEIGHTS,7801.0,7945.0,8239.0,8538.0,8925.0,9688.0,10514.0,11404.0,12302.0,940.0,975.0,1026.0,1113.0,1214.0,1320.0,1393.0,1492.0,1614.0
FAIRFIELD WEST,12001.0,12286.0,12561.0,12958.0,13500.0,13980.0,14268.0,14579.0,14892.0,1144.0,1221.0,1291.0,1410.0,1525.0,1662.0,1764.0,1874.0,2015.0
FAIRLIGHT,4412.0,4423.0,4450.0,4534.0,4633.0,4827.0,5023.0,5217.0,5413.0,554.0,578.0,603.0,644.0,690.0,734.0,773.0,807.0,842.0
FAULCONBRIDGE,4115.0,4134.0,4191.0,4199.0,4289.0,4461.0,4644.0,4841.0,4982.0,600.0,632.0,657.0,673.0,699.0,730.0,759.0,794.0,835.0
FIVE DOCK,10024.0,10384.0,11212.0,11865.0,13034.0,14668.0,16256.0,17847.0,19768.0,4828.0,5463.0,5909.0,6238.0,6583.0,6977.0,7388.0,7776.0,8156.0
FOREST LODGE,3603.0,3610.0,3615.0,3637.0,3657.0,3680.0,3707.0,3738.0,3770.0,207.0,218.0,224.0,240.0,255.0,270.0,288.0,304.0,316.0
FORESTVILLE,5532.0,5561.0,5583.0,5592.0,5613.0,5722.0,5826.0,5918.0,6059.0,626.0,665.0,693.0,747.0,807.0,861.0,911.0,951.0,991.0
FREEMANS REACH,1450.0,1455.0,1455.0,1460.0,1474.0,1474.0,1475.0,1476.0,1477.0,508.0,526.0,530.0,544.0,565.0,596.0,625.0,652.0,687.0
FRENCHS FOREST,13036.0,13154.0,14037.0,16147.0,18454.0,19807.0,21262.0,22851.0,24561.0,9241.0,10292.0,10530.0,11006.0,11674.0,12336.0,12906.0,13391.0,13909.0
FRESHWATER,3282.0,3339.0,3371.0,3385.0,3388.0,3428.0,3465.0,3495.0,3562.0,658.0,701.0,723.0,771.0,825.0,875.0,919.0,956.0,993.0
GALSTON,3239.0,3446.0,3518.0,3573.0,3672.0,3914.0,4161.0,4373.0,4601.0,1215.0,1306.0,1325.0,1401.0,1496.0,1599.0,1696.0,1780.0,1865.0
GEORGES HALL,10739.0,11093.0,11539.0,11911.0,12280.0,12764.0,13305.0,13908.0,14285.0,1401.0,1473.0,1565.0,1655.0,1737.0,1820.0,1910.0,1996.0,2097.0
GILEAD,276.0,538.0,2661.0,4883.0,8148.0,9086.0,9477.0,9686.0,9897.0,279.0,311.0,421.0,467.0,532.0,575.0,624.0,647.0,674.0
GIRRAWEEN,6840.0,7211.0,7420.0,7717.0,8092.0,8607.0,9136.0,9638.0,9780.0,5486.0,5838.0,6085.0,6355.0,6645.0,6889.0,7199.0,7528.0,7905.0
GLADESVILLE,11752.0,12405.0,13564.0,14201.0,14606.0,15292.0,16042.0,16861.0,17225.0,6158.0,6892.0,7375.0,7818.0,8324.0,8831.0,9298.0,9697.0,10123.0
GLEBE,14562.0,15073.0,15240.0,16066.0,16845.0,17532.0,18265.0,19015.0,19829.0,6202.0,6673.0,6875.0,7303.0,7734.0,8195.0,8660.0,9083.0,9460.0
GLEDSWOOD HILLS,1536.0,3852.0,6829.0,8342.0,8941.0,9289.0,9523.0,9663.0,9803.0,141.0,160.0,212.0,255.0,311.0,346.0,352.0,366.0,419.0
GLEN ALPINE,5967.0,6116.0,6450.0,6726.0,7110.0,8283.0,9712.0,11381.0,13063.0,441.0,458.0,495.0,520.0,548.0,568.0,582.0,615.0,647.0
GLENBROOK,5088.0,5107.0,5164.0,5173.0,5269.0,5409.0,5536.0,5672.0,5875.0,1158.0,1260.0,1305.0,1339.0,1386.0,1447.0,1500.0,1573.0,1655.0
GLENDENNING,5306.0,5357.0,5393.0,5419.0,5454.0,5538.0,5663.0,5809.0,6011.0,5878.0,6026.0,6006.0,6059.0,6495.0,6914.0,7364.0,7812.0,8342.0
GLENFIELD,9921.0,10522.0,12296.0,14028.0,16519.0,18567.0,19798.0,20659.0,21529.0,1614.0,1685.0,1838.0,1924.0,2044.0,2293.0,2518.0,2841.0,3162.0
GLENHAVEN,6501.0,6644.0,6724.0,6774.0,6890.0,7571.0,8433.0,9418.0,9806.0,1027.0,1139.0,1221.0,1322.0,1431.0,1528.0,1624.0,1726.0,1842.0
GLENMORE PARK,23780.0,25333.0,26141.0,27368.0,29382.0,29455.0,29497.0,29498.0,29450.0,1959.0,2161.0,2311.0,2493.0,2672.0,2852.0,3054.0,3318.0,3614.0
GLENORIE,2791.0,2936.0,2982.0,3006.0,3037.0,3144.0,3296.0,3479.0,3556.0,1058.0,1065.0,1065.0,1111.0,1173.0,1238.0,1309.0,1367.0,1431.0
GLENWOOD,16667.0,16796.0,16904.0,16979.0,17204.0,17863.0,18541.0,19144.0,19977.0,2020.0,2360.0,3022.0,3523.0,4052.0,4320.0,4481.0,4579.0,4850.0
GLOSSODIA,3494.0,3503.0,3509.0,3563.0,3741.0,3740.0,3740.0,3740.0,3740.0,635.0,655.0,663.0,677.0,703.0,739.0,771.0,805.0,851.0
GORDON,9303.0,10813.0,12376.0,14062.0,14934.0,16326.0,17786.0,19140.0,20112.0,4516.0,4857.0,5208.0,5479.0,5699.0,6035.0,6330.0,6593.0,6882.0
GRANVILLE,16102.0,18384.0,21234.0,24559.0,28264.0,29645.0,30445.0,31236.0,32070.0,5683.0,6094.0,6436.0,6758.0,7186.0,7617.0,8005.0,8349.0,8712.0
GRAYS POINT,3020.0,3045.0,3058.0,3069.0,3116.0,3278.0,3418.0,3521.0,3770.0,371.0,394.0,413.0,442.0,475.0,507.0,536.0,561.0,587.0
GREEN VALLEY,12993.0,13466.0,14332.0,14866.0,15118.0,14838.0,14877.0,15027.0,15878.0,1779.0,1967.0,2575.0,3112.0,3797.0,3800.0,3709.0,3556.0,3969.0
GREENACRE,24599.0,25684.0,26954.0,28016.0,29134.0,30562.0,32035.0,33562.0,34909.0,8361.0,8593.0,8922.0,9080.0,9344.0,9581.0,9861.0,10119.0,10451.0
GREENDALE,355.0,363.0,410.0,501.0,501.0,501.0,491.0,607.0,603.0,387.0,398.0,521.0,659.0,776.0,885.0,907.0,958.0,1141.0
GREENFIELD PARK,5275.0,5405.0,5394.0,5389.0,5389.0,6385.0,7500.0,8705.0,9922.0,568.0,607.0,626.0,648.0,677.0,760.0,825.0,897.0,983.0
GREENWICH,5611.0,6024.0,6348.0,6849.0,7496.0,7928.0,8250.0,8765.0,9262.0,1571.0,1596.0,1628.0,1681.0,1743.0,1798.0,1863.0,1925.0,1991.0
GREGORY HILLS,3395.0,5204.0,7760.0,9445.0,10158.0,10576.0,10860.0,11034.0,11207.0,859.0,1924.0,3330.0,4032.0,5074.0,6249.0,6790.0,7330.0,8222.0
GREYSTANES,22100.0,22875.0,23444.0,24338.0,25608.0,28422.0,31436.0,34295.0,35952.0,2813.0,3025.0,3279.0,3479.0,3702.0,3949.0,4193.0,4408.0,4622.0
GROSE WOLD,1559.0,1570.0,1570.0,1578.0,1605.0,1605.0,1605.0,1604.0,1604.0,470.0,514.0,528.0,545.0,572.0,608.0,640.0,678.0,726.0
GUILDFORD,22831.0,24393.0,25891.0,27651.0,29342.0,30637.0,31844.0,33009.0,34786.0,2321.0,2488.0,2681.0,2827.0,3000.0,3193.0,3388.0,3560.0,3735.0
GUILDFORD WEST,5016.0,5209.0,5329.0,5510.0,5763.0,6229.0,6721.0,7187.0,7311.0,820.0,871.0,914.0,953.0,1001.0,1055.0,1111.0,1163.0,1219.0
GYMEA,7324.0,7645.0,7958.0,8435.0,9041.0,9873.0,10696.0,11544.0,12109.0,2115.0,2234.0,2302.0,2463.0,2647.0,2809.0,2961.0,3092.0,3228.0
GYMEA BAY,7736.0,7857.0,7994.0,8212.0,8493.0,8892.0,9347.0,9863.0,10158.0,802.0,838.0,873.0,934.0,1006.0,1072.0,1134.0,1187.0,1242.0
HABERFIELD,6725.0,6733.0,6735.0,6737.0,6740.0,7278.0,7868.0,8226.0,8604.0,1778.0,1993.0,2218.0,2335.0,2514.0,2659.0,2801.0,2933.0,3054.0
HAMMONDVILLE,3595.0,3720.0,3858.0,3946.0,4024.0,4186.0,4381.0,4604.0,4742.0,1118.0,1190.0,1297.0,1405.0,1491.0,1649.0,1867.0,2129.0,2383.0
HARRINGTON PARK,10778.0,12037.0,12878.0,13301.0,13733.0,14123.0,14346.0,14493.0,14628.0,1115.0,1244.0,1341.0,1437.0,1551.0,1948.0,2400.0,3076.0,3628.0
HARRIS PARK,6411.0,6653.0,6934.0,7258.0,7548.0,7727.0,7894.0,8062.0,8213.0,1362.0,1446.0,1627.0,1766.0,1913.0,2028.0,2180.0,2330.0,2464.0
HASSALL GROVE,4632.0,4722.0,4768.0,4792.0,4799.0,4859.0,4953.0,5067.0,5223.0,379.0,400.0,411.0,427.0,457.0,483.0,511.0,538.0,564.0
HAYMARKET,7960.0,9460.0,9678.0,11404.0,13694.0,15657.0,17523.0,19385.0,21408.0,22969.0,25933.0,27704.0,29408.0,31471.0,33464.0,34905.0,36093.0,37344.0
HAZELBROOK,4860.0,4875.0,4928.0,4935.0,5017.0,5165.0,5327.0,5504.0,5620.0,697.0,722.0,752.0,773.0,804.0,834.0,862.0,900.0,942.0
HEATHCOTE,6681.0,6927.0,7063.0,7205.0,7376.0,7665.0,7955.0,8244.0,8618.0,1795.0,1955.0,2024.0,2140.0,2284.0,2413.0,2538.0,2651.0,2775.0
HEBERSHAM,5839.0,6020.0,6190.0,6304.0,6430.0,6528.0,6686.0,6879.0,7106.0,292.0,313.0,330.0,343.0,366.0,385.0,405.0,425.0,443.0
HECKENBERG,3213.0,3313.0,3407.0,3446.0,3460.0,3470.0,3533.0,3616.0,3783.0,189.0,222.0,328.0,421.0,530.0,593.0,627.0,664.0,751.0
HILLSDALE,6636.0,7346.0,7925.0,8318.0,8870.0,9001.0,9144.0,9299.0,9455.0,1311.0,1446.0,1534.0,1591.0,1640.0,1709.0,1776.0,1834.0,1895.0
HINCHINBROOK,12823.0,13230.0,14456.0,15150.0,15544.0,15864.0,16811.0,17934.0,19600.0,1265.0,1465.0,1957.0,2348.0,2803.0,2969.0,2986.0,2998.0,3369.0
HOBARTVILLE,3576.0,3615.0,3659.0,3716.0,3768.0,4200.0,4632.0,5100.0,5572.0,252.0,268.0,275.0,281.0,290.0,308.0,324.0,341.0,361.0
HOLROYD,1339.0,1356.0,1360.0,1364.0,1369.0,1370.0,1370.0,1370.0,1527.0,445.0,468.0,482.0,495.0,515.0,537.0,559.0,580.0,602.0
HOLSWORTHY,3902.0,4106.0,4506.0,4715.0,4870.0,5096.0,5471.0,5948.0,6598.0,2908.0,3094.0,3255.0,3422.0,3550.0,3650.0,3783.0,3974.0,4280.0
HOMEBUSH,8215.0,11295.0,14262.0,15805.0,17094.0,17823.0,18825.0,19867.0,20743.0,4822.0,5354.0,6125.0,6761.0,7174.0,7468.0,7714.0,7928.0,8104.0
HOMEBUSH WEST,8852.0,12095.0,13690.0,14795.0,16330.0,17492.0,18930.0,20287.0,21266.0,8050.0,8657.0,9440.0,10120.0,10648.0,11024.0,11380.0,11684.0,11919.0
HORNINGSEA PARK,3860.0,3992.0,4196.0,4299.0,4347.0,4354.0,4446.0,4565.0,4806.0,528.0,582.0,742.0,887.0,1031.0,1054.0,1050.0,1047.0,1195.0
HORNSBY,23342.0,25155.0,26486.0,27521.0,28559.0,30921.0,33468.0,36262.0,38187.0,15307.0,16080.0,16934.0,17769.0,18777.0,19949.0,21074.0,22100.0,23132.0
HORNSBY HEIGHTS,5951.0,6039.0,6129.0,6253.0,6431.0,6711.0,7028.0,7367.0,7745.0,610.0,643.0,684.0,721.0,764.0,816.0,862.0,904.0,944.0
HORSLEY PARK,1941.0,1977.0,2868.0,3742.0,4863.0,6728.0,8802.0,11066.0,13374.0,2200.0,5344.0,8346.0,12276.0,13019.0,13898.0,14456.0,15415.0,16569.0
HOXTON PARK,1673.0,1726.0,1946.0,2116.0,2354.0,2396.0,2490.0,2626.0,2899.0,387.0,447.0,604.0,749.0,911.0,961.0,953.0,967.0,1106.0
HUNTERS HILL,10011.0,9994.0,10034.0,10083.0,10276.0,10780.0,11289.0,11791.0,12293.0,2985.0,3211.0,3426.0,3633.0,3858.0,4125.0,4384.0,4625.0,4878.0
HUNTINGWOOD,0.0,0.0,0.0,0.0,0.0,0.0,0.0,0.0,0.0,6166.0,6439.0,6325.0,6370.0,6821.0,7233.0,7663.0,8079.0,8625.0
HUNTLEYS COVE,929.0,928.0,929.0,929.0,930.0,933.0,935.0,938.0,939.0,175.0,194.0,210.0,225.0,240.0,257.0,274.0,289.0,303.0
HURLSTONE PARK,4497.0,4887.0,5115.0,5444.0,5846.0,6693.0,7358.0,7838.0,8249.0,713.0,773.0,841.0,890.0,939.0,986.0,1038.0,1084.0,1127.0
HURSTVILLE,32346.0,35992.0,38049.0,39104.0,40196.0,41814.0,43517.0,45244.0,46979.0,12388.0,13313.0,14349.0,15193.0,16216.0,17055.0,17866.0,18563.0,19341.0
HURSTVILLE GROVE,2078.0,2090.0,2099.0,2104.0,2109.0,2113.0,2116.0,2118.0,2158.0,167.0,178.0,192.0,203.0,217.0,229.0,240.0,250.0,261.0
ILLAWONG,7594.0,7643.0,7676.0,7720.0,7834.0,8168.0,8467.0,8717.0,9225.0,1279.0,1373.0,1437.0,1531.0,1642.0,1742.0,1842.0,1931.0,2026.0
INGLEBURN,15587.0,16129.0,16711.0,17145.0,17729.0,18270.0,18777.0,19290.0,19805.0,13482.0,14348.0,14792.0,14992.0,15527.0,16037.0,16498.0,17475.0,19003.0
INGLESIDE,4718.0,5210.0,7390.0,9514.0,10958.0,11451.0,12002.0,12788.0,13815.0,2800.0,2843.0,2896.0,3031.0,3231.0,3397.0,3553.0,3686.0,3827.0
JAMISONTOWN,5622.0,5700.0,5826.0,5989.0,6153.0,6921.0,7698.0,8494.0,9297.0,4391.0,4772.0,4966.0,5336.0,5661.0,5843.0,6075.0,6440.0,6896.0
JANNALI,6717.0,7072.0,7361.0,7761.0,8173.0,8604.0,9129.0,9749.0,10032.0,1563.0,1707.0,1795.0,1926.0,2076.0,2211.0,2345.0,2470.0,2599.0
KAREELA,3541.0,3560.0,3584.0,3622.0,3689.0,3836.0,3979.0,4114.0,4297.0,660.0,708.0,735.0,781.0,836.0,883.0,929.0,971.0,1015.0
KATOOMBA,8791.0,8821.0,8947.0,8969.0,9194.0,9528.0,9868.0,10237.0,10540.0,5523.0,5807.0,5983.0,6091.0,6293.0,6512.0,6706.0,6936.0,7239.0
KEARNS,2520.0,2576.0,2602.0,2613.0,2622.0,2923.0,3290.0,3719.0,4151.0,222.0,230.0,228.0,228.0,227.0,240.0,250.0,274.0,296.0
KELLYVILLE,23234.0,26998.0,33050.0,38152.0,40614.0,41335.0,41917.0,42030.0,44281.0,3963.0,4590.0,4974.0,5394.0,6012.0,6405.0,6783.0,7197.0,7644.0
KELLYVILLE RIDGE,9770.0,10013.0,10087.0,10112.0,10472.0,11654.0,12564.0,13205.0,14125.0,1111.0,1336.0,1968.0,2361.0,2866.0,3184.0,3511.0,3696.0,3928.0
KEMPS CREEK,2184.0,2298.0,2410.0,2406.0,6414.0,11438.0,12717.0,13724.0,15593.0,1608.0,1711.0,3621.0,6624.0,9043.0,12926.0,17859.0,24524.0,26317.0
KENSINGTON,15711.0,16527.0,17895.0,18485.0,19243.0,20133.0,21081.0,22223.0,23474.0,10170.0,11630.0,12443.0,13127.0,13926.0,14913.0,16009.0,17068.0,18111.0
KENTHURST,6838.0,7161.0,7249.0,7290.0,7333.0,7427.0,7543.0,7651.0,7838.0,2274.0,2450.0,2480.0,2629.0,2805.0,2993.0,3186.0,3345.0,3508.0
KENTLYN,1154.0,1158.0,1156.0,1156.0,1155.0,1157.0,1158.0,1159.0,1160.0,286.0,293.0,282.0,273.0,264.0,279.0,292.0,321.0,348.0
KILLARA,9754.0,10104.0,10701.0,11401.0,11689.0,12158.0,12592.0,13139.0,13767.0,1614.0,1722.0,1864.0,1976.0,2058.0,2192.0,2315.0,2427.0,2546.0
KILLARNEY HEIGHTS,7720.0,7774.0,7887.0,8017.0,8076.0,8205.0,8333.0,8446.0,8635.0,2155.0,2273.0,2346.0,2536.0,2751.0,2943.0,3121.0,3276.0,3433.0
KINGS LANGLEY,9650.0,9908.0,10101.0,10209.0,10332.0,10563.0,10892.0,11272.0,11792.0,1260.0,1322.0,1332.0,1354.0,1395.0,1415.0,1442.0,1478.0,1496.0
KINGS PARK,3581.0,3650.0,3687.0,3707.0,3739.0,3831.0,3958.0,4104.0,4241.0,5445.0,5510.0,5611.0,5782.0,6051.0,6373.0,6730.0,7060.0,7434.0
KINGSFORD,16427.0,16929.0,18084.0,18659.0,19463.0,20335.0,21333.0,22168.0,23420.0,2366.0,2583.0,2784.0,2897.0,3017.0,3188.0,3386.0,3567.0,3753.0
KINGSGROVE,12936.0,13488.0,13820.0,14015.0,14174.0,15065.0,16169.0,17389.0,18157.0,7732.0,8142.0,8522.0,8747.0,9212.0,9550.0,9875.0,10192.0,10582.0
KINGSWOOD,9508.0,11326.0,12987.0,13813.0,14537.0,15056.0,15662.0,16380.0,17102.0,6358.0,6900.0,7530.0,8411.0,9344.0,10549.0,11846.0,13294.0,14862.0
KIRKHAM,1502.0,2616.0,3273.0,3488.0,3622.0,3745.0,3817.0,3867.0,3913.0,1958.0,2099.0,2154.0,2279.0,2443.0,2929.0,3469.0,4292.0,4907.0
KIRRAWEE,9482.0,10813.0,11688.0,12616.0,13331.0,13840.0,14445.0,15179.0,15673.0,6820.0,7130.0,7270.0,7580.0,8017.0,8407.0,8797.0,9150.0,9540.0
KIRRIBILLI,4302.0,4462.0,4714.0,4964.0,5676.0,6684.0,7491.0,8221.0,8673.0,1466.0,1603.0,1676.0,1819.0,1957.0,2089.0,2213.0,2325.0,2435.0
KOGARAH,15863.0,17119.0,18544.0,19614.0,20809.0,22365.0,23918.0,25423.0,26837.0,12988.0,13680.0,14915.0,15893.0,17156.0,18179.0,19188.0,20117.0,21141.0
KOGARAH BAY,1625.0,1631.0,1636.0,1639.0,1643.0,1646.0,1648.0,1650.0,1677.0,110.0,117.0,125.0,132.0,143.0,150.0,157.0,163.0,169.0
KU-RING-GAI CHASE,1320.0,1362.0,1400.0,1847.0,2090.0,2180.0,2267.0,2313.0,2378.0,825.0,874.0,901.0,976.0,1058.0,1130.0,1197.0,1258.0,1316.0
KURMOND,1375.0,1386.0,1390.0,1401.0,1428.0,1460.0,1493.0,1527.0,1562.0,407.0,444.0,456.0,470.0,494.0,524.0,552.0,584.0,625.0
KURNELL,3231.0,3390.0,3463.0,3522.0,3835.0,4918.0,5768.0,6299.0,7262.0,1956.0,1982.0,1922.0,1925.0,1988.0,2049.0,2109.0,2158.0,2222.0
KURRABA POINT,3087.0,3143.0,3207.0,3276.0,3432.0,3656.0,3852.0,4048.0,4263.0,423.0,446.0,475.0,508.0,545.0,582.0,617.0,646.0,678.0
KURRAJONG,2989.0,3000.0,3001.0,3022.0,3091.0,3091.0,3091.0,3091.0,3092.0,359.0,378.0,381.0,392.0,409.0,432.0,453.0,478.0,506.0
KURRAJONG HEIGHTS,2327.0,2357.0,2400.0,2453.0,2502.0,2654.0,2804.0,2964.0,3126.0,373.0,413.0,424.0,439.0,462.0,490.0,516.0,550.0,585.0
KYEEMAGH,944.0,963.0,967.0,968.0,968.0,983.0,1009.0,1033.0,1076.0,220.0,220.0,227.0,217.0,222.0,230.0,238.0,246.0,254.0
LA PEROUSE,3.0,4.0,4.0,5.0,6.0,7.0,8.0,10.0,11.0,369.0,397.0,431.0,449.0,471.0,500.0,533.0,565.0,599.0
LAKEMBA,17879.0,19151.0,20868.0,23089.0,26362.0,26987.0,27828.0,28748.0,30146.0,3312.0,3510.0,3888.0,4171.0,4492.0,4703.0,4910.0,5111.0,5353.0
LAKESLAND,537.0,541.0,544.0,544.0,545.0,545.0,545.0,545.0,545.0,84.0,79.0,84.0,88.0,94.0,100.0,107.0,112.0,116.0
LALOR PARK,7701.0,7899.0,8082.0,8230.0,8417.0,8577.0,8828.0,9132.0,9370.0,519.0,558.0,565.0,576.0,592.0,600.0,611.0,624.0,631.0
LANE COVE,12349.0,14433.0,16195.0,17804.0,18760.0,19863.0,21260.0,22367.0,23622.0,4732.0,5014.0,5215.0,5423.0,5692.0,5924.0,6132.0,6330.0,6541.0
LANE COVE NORTH,11974.0,13303.0,14342.0,15467.0,16791.0,18009.0,19096.0,20413.0,21527.0,1439.0,1475.0,1508.0,1544.0,1599.0,1650.0,1693.0,1733.0,1775.0
LANE COVE WEST,2080.0,2091.0,2105.0,2172.0,2314.0,2478.0,2803.0,2892.0,3058.0,5327.0,5406.0,5538.0,5646.0,5793.0,5880.0,5972.0,6076.0,6231.0
LANSDOWNE,1672.0,1694.0,1728.0,1758.0,1788.0,1827.0,1871.0,1920.0,1958.0,169.0,168.0,174.0,178.0,185.0,192.0,198.0,204.0,212.0
LANSVALE,2661.0,2715.0,2796.0,2867.0,2970.0,3180.0,3410.0,3661.0,3914.0,1930.0,1986.0,1983.0,2067.0,2118.0,2187.0,2237.0,2327.0,2475.0
LAPSTONE,984.0,988.0,1006.0,1009.0,1041.0,1068.0,1079.0,1090.0,1187.0,97.0,102.0,107.0,111.0,116.0,123.0,130.0,138.0,146.0
LAVENDER BAY,629.0,639.0,651.0,663.0,678.0,696.0,714.0,733.0,771.0,2074.0,2153.0,2224.0,2300.0,2424.0,2571.0,2677.0,2753.0,2828.0
LAWSON,2885.0,2893.0,2922.0,2926.0,2969.0,3066.0,3175.0,3293.0,3363.0,921.0,950.0,968.0,975.0,1005.0,1032.0,1057.0,1088.0,1132.0
LEICHHARDT,15069.0,17407.0,18066.0,18291.0,18465.0,18913.0,19621.0,20377.0,20761.0,7830.0,8382.0,8652.0,9428.0,10012.0,10552.0,11072.0,11543.0,12007.0
LEONAY,2578.0,2607.0,2637.0,2671.0,2702.0,3456.0,4190.0,4909.0,5635.0,282.0,314.0,321.0,346.0,373.0,397.0,422.0,454.0,494.0
LEPPINGTON,3605.0,8681.0,17693.0,31162.0,45710.0,53453.0,58358.0,60978.0,63609.0,1098.0,2008.0,2576.0,3844.0,6078.0,7803.0,9604.0,10524.0,11813.0
LETHBRIDGE PARK,4904.0,5113.0,5303.0,5470.0,5680.0,5802.0,5983.0,6205.0,6298.0,177.0,190.0,198.0,205.0,218.0,229.0,241.0,253.0,264.0
LEUMEAH,10134.0,10307.0,10053.0,9945.0,9915.0,10688.0,11476.0,12303.0,13140.0,2615.0,2726.0,2771.0,2775.0,2803.0,2898.0,2951.0,3101.0,3293.0
LEURA,4773.0,4792.0,4863.0,4875.0,4995.0,5133.0,5252.0,5382.0,5549.0,1915.0,1976.0,2043.0,2087.0,2158.0,2233.0,2301.0,2376.0,2477.0
LEWISHAM,2644.0,3961.0,4257.0,4360.0,4446.0,5163.0,5829.0,6391.0,6865.0,1083.0,1239.0,1447.0,1589.0,1744.0,1860.0,1962.0,2059.0,2152.0
LIBERTY GROVE,2454.0,2455.0,2456.0,2459.0,2470.0,2489.0,2508.0,2524.0,2546.0,361.0,378.0,397.0,415.0,434.0,455.0,477.0,496.0,518.0
LIDCOMBE,20899.0,23583.0,24742.0,25968.0,27383.0,29317.0,31966.0,34547.0,36304.0,16438.0,17833.0,20319.0,22743.0,24418.0,26517.0,27749.0,28990.0,30392.0
LILLI PILLI,1437.0,1461.0,1476.0,1495.0,1527.0,1596.0,1659.0,1714.0,1796.0,105.0,109.0,113.0,119.0,127.0,134.0,141.0,147.0,153.0
LILYFIELD,8213.0,8442.0,8598.0,9308.0,9898.0,10843.0,11610.0,12155.0,12353.0,3919.0,4076.0,4249.0,5627.0,6221.0,6508.0,6773.0,7024.0,7280.0
LINDEN,505.0,507.0,517.0,518.0,535.0,546.0,552.0,558.0,590.0,60.0,68.0,69.0,70.0,71.0,73.0,75.0,79.0,83.0
LINDFIELD,10350.0,11569.0,12695.0,13848.0,14116.0,14439.0,14946.0,15485.0,16221.0,3046.0,3272.0,3548.0,3754.0,3909.0,4158.0,4378.0,4573.0,4780.0
LITTLE BAY,3128.0,3588.0,3816.0,4791.0,5694.0,6765.0,7967.0,9308.0,9833.0,353.0,379.0,411.0,429.0,450.0,478.0,510.0,540.0,572.0
LIVERPOOL,28519.0,38240.0,42044.0,44229.0,45149.0,50462.0,56225.0,63132.0,64618.0,22912.0,24826.0,26971.0,29218.0,30961.0,33893.0,37596.0,41981.0,46378.0
LLANDILO,6987.0,9800.0,11472.0,12383.0,13423.0,13428.0,13432.0,13438.0,13442.0,1293.0,1373.0,1319.0,1308.0,1306.0,1318.0,1309.0,1325.0,1372.0
LOFTUS,4265.0,4329.0,4388.0,4475.0,4579.0,4710.0,4864.0,5043.0,5187.0,350.0,386.0,406.0,433.0,464.0,492.0,520.0,545.0,571.0
LONDONDERRY,4004.0,4075.0,4108.0,4150.0,4256.0,4257.0,4259.0,4260.0,4261.0,1043.0,1071.0,1090.0,1118.0,1176.0,1303.0,1415.0,1532.0,1647.0
LONG POINT,2813.0,2869.0,2948.0,3009.0,3091.0,3711.0,4739.0,6169.0,7609.0,170.0,180.0,190.0,186.0,194.0,213.0,236.0,271.0,298.0
LONGUEVILLE,2141.0,2161.0,2186.0,2293.0,2514.0,2697.0,2834.0,3038.0,3212.0,367.0,379.0,393.0,406.0,423.0,440.0,455.0,469.0,484.0
LOWER PORTLAND,518.0,522.0,522.0,525.0,537.0,537.0,537.0,537.0,537.0,76.0,86.0,89.0,92.0,97.0,103.0,108.0,115.0,122.0
LUCAS HEIGHTS,324.0,417.0,581.0,874.0,1250.0,1772.0,2412.0,3177.0,3282.0,1963.0,2241.0,2475.0,2687.0,2917.0,3112.0,3311.0,3467.0,3653.0
LUDDENHAM,1588.0,1599.0,3249.0,6455.0,12458.0,13965.0,15797.0,17611.0,19398.0,360.0,405.0,8349.0,13560.0,19578.0,24237.0,29034.0,33416.0,36452.0
LUGARNO,5798.0,5902.0,6029.0,6155.0,6392.0,7366.0,8394.0,9415.0,10437.0,626.0,668.0,716.0,754.0,804.0,846.0,886.0,921.0,961.0
LURNEA,9597.0,10430.0,10813.0,11080.0,11251.0,11834.0,12555.0,13404.0,13716.0,1076.0,1170.0,1272.0,1355.0,1414.0,1535.0,1703.0,1900.0,2078.0
MACQUARIE FIELDS,11540.0,11813.0,12031.0,12168.0,12340.0,12491.0,12594.0,12683.0,12776.0,1965.0,2085.0,2221.0,2248.0,2350.0,2545.0,2678.0,2946.0,3246.0
MACQUARIE LINKS,1404.0,1458.0,1545.0,1614.0,1709.0,2098.0,2538.0,3003.0,3472.0,120.0,126.0,133.0,138.0,144.0,151.0,156.0,170.0,182.0
MACQUARIE PARK,7811.0,12264.0,19177.0,23889.0,28115.0,28868.0,29325.0,29505.0,31587.0,54919.0,60915.0,63618.0,66203.0,69457.0,72635.0,75658.0,78331.0,81548.0
MALABAR,5643.0,5787.0,6007.0,6292.0,6923.0,7865.0,8951.0,10073.0,11018.0,1654.0,1797.0,1934.0,2046.0,2166.0,2296.0,2419.0,2527.0,2648.0
MANLY,19242.0,19407.0,19575.0,20092.0,20688.0,21022.0,21360.0,21699.0,22042.0,9434.0,9962.0,10329.0,11095.0,11916.0,12647.0,13305.0,13870.0,14450.0
MANLY VALE,6995.0,7066.0,7190.0,7356.0,7477.0,7616.0,7782.0,7965.0,8169.0,1759.0,1825.0,1867.0,1998.0,2152.0,2287.0,2414.0,2524.0,2636.0
MARAYLYA,1933.0,2011.0,2132.0,2915.0,4981.0,4977.0,4972.0,4968.0,4963.0,637.0,720.0,827.0,926.0,1040.0,1088.0,1128.0,1165.0,1252.0
MARAYONG,7759.0,7975.0,8034.0,8021.0,8050.0,8211.0,8457.0,8749.0,9176.0,407.0,423.0,431.0,444.0,467.0,482.0,502.0,536.0,550.0
MAROOTA,1347.0,1365.0,1375.0,1381.0,1397.0,1435.0,1473.0,1484.0,1633.0,590.0,610.0,610.0,626.0,654.0,683.0,712.0,737.0,765.0
MAROUBRA,32628.0,34139.0,36018.0,37221.0,38831.0,40957.0,43389.0,45750.0,48347.0,6041.0,6486.0,7026.0,7360.0,7715.0,8182.0,8692.0,9164.0,9665.0
MARRICKVILLE,27924.0,29888.0,34272.0,38148.0,44101.0,46050.0,47779.0,49542.0,51583.0,15710.0,17532.0,18556.0,19295.0,20422.0,21203.0,21916.0,22560.0,23233.0
MARSDEN PARK,1061.0,8211.0,17482.0,26866.0,38896.0,43769.0,47720.0,50436.0,54196.0,1248.0,4388.0,8794.0,13059.0,16939.0,19272.0,22374.0,25089.0,26556.0
MARSFIELD,14879.0,15235.0,15604.0,15906.0,16426.0,17314.0,18222.0,19164.0,19442.0,1808.0,2079.0,2291.0,2460.0,2645.0,2820.0,2987.0,3131.0,3282.0
MASCOT,12981.0,21348.0,25393.0,26779.0,27882.0,29043.0,30270.0,31558.0,32856.0,43705.0,47697.0,49461.0,51723.0,53691.0,55256.0,56665.0,57733.0,59116.0
MATRAVILLE,9423.0,9676.0,10061.0,10889.0,11355.0,11904.0,12520.0,13244.0,13852.0,6216.0,6754.0,7064.0,7279.0,7543.0,7818.0,8099.0,8341.0,8621.0
MAYS HILL,797.0,1219.0,1342.0,1459.0,1537.0,1600.0,1659.0,1715.0,1762.0,366.0,382.0,416.0,449.0,484.0,510.0,548.0,585.0,619.0
MCGRATHS HILL,2692.0,2719.0,2749.0,2789.0,2841.0,3237.0,3627.0,4044.0,4465.0,548.0,635.0,729.0,808.0,907.0,954.0,988.0,1030.0,1119.0
MCMAHONS POINT,2868.0,2903.0,2931.0,2959.0,3011.0,3087.0,3155.0,3237.0,3406.0,2170.0,2302.0,2391.0,2527.0,2666.0,2806.0,2930.0,3030.0,3140.0
MEADOWBANK,5866.0,7347.0,8202.0,8618.0,9016.0,9225.0,9387.0,9513.0,9815.0,1475.0,1693.0,1837.0,1970.0,2109.0,2230.0,2348.0,2452.0,2562.0
MEGALONG VALLEY,2714.0,2726.0,2773.0,2781.0,2863.0,2950.0,3019.0,3093.0,3214.0,882.0,919.0,948.0,967.0,997.0,1030.0,1060.0,1097.0,1146.0
MELROSE PARK,7.0,361.0,542.0,725.0,947.0,996.0,996.0,996.0,996.0,2757.0,2783.0,2742.0,2733.0,2787.0,2865.0,2971.0,3091.0,3250.0
MENAI,10792.0,10928.0,11044.0,11206.0,11473.0,12029.0,12585.0,13126.0,13810.0,3243.0,3534.0,3686.0,3911.0,4186.0,4426.0,4659.0,4866.0,5086.0
MENANGLE,805.0,833.0,877.0,911.0,948.0,979.0,1013.0,1054.0,1096.0,412.0,621.0,1214.0,1449.0,1820.0,2201.0,2674.0,2871.0,2947.0
MENANGLE PARK,308.0,431.0,3029.0,4800.0,5857.0,6159.0,6283.0,6350.0,6417.0,109.0,187.0,469.0,580.0,738.0,841.0,959.0,995.0,1036.0
MERRYLANDS,29915.0,32913.0,34842.0,37173.0,39464.0,42823.0,46163.0,49193.0,52062.0,6412.0,6922.0,7490.0,7912.0,8401.0,8947.0,9505.0,9987.0,10489.0
MERRYLANDS WEST,7242.0,7685.0,7896.0,8172.0,8467.0,8883.0,9309.0,9709.0,9878.0,1286.0,1396.0,1530.0,1628.0,1741.0,1867.0,1990.0,2100.0,2207.0
MIDDLE COVE,1256.0,1267.0,1275.0,1282.0,1291.0,1315.0,1339.0,1363.0,1414.0,254.0,275.0,288.0,302.0,320.0,334.0,347.0,358.0,370.0
MIDDLE DURAL,1814.0,1845.0,1858.0,1865.0,1877.0,1897.0,1917.0,1920.0,2010.0,469.0,480.0,478.0,494.0,520.0,547.0,575.0,598.0,622.0
MIDDLETON GRANGE,5405.0,7212.0,12011.0,13127.0,13238.0,12700.0,14260.0,16466.0,22111.0,552.0,654.0,880.0,1030.0,1206.0,1224.0,1184.0,1128.0,1220.0
MILLER,3346.0,3549.0,4343.0,5188.0,5807.0,9009.0,12661.0,16895.0,16910.0,924.0,1007.0,1390.0,1732.0,2127.0,2312.0,2453.0,2585.0,2915.0
MILLERS POINT,1493.0,1536.0,1573.0,1639.0,1763.0,1899.0,2039.0,2186.0,2347.0,3022.0,3263.0,3479.0,3714.0,3919.0,4201.0,4465.0,4689.0,4944.0
MILPERRA,4085.0,4192.0,4348.0,4557.0,4987.0,5448.0,5787.0,6018.0,6780.0,5558.0,5799.0,5976.0,6110.0,6244.0,6366.0,6537.0,6719.0,6955.0
MILSONS POINT,2283.0,2763.0,2949.0,3110.0,3165.0,3316.0,3504.0,3720.0,3918.0,3895.0,4288.0,4544.0,4856.0,5170.0,5395.0,5636.0,5847.0,6099.0
MINCHINBURY,5812.0,5975.0,6092.0,6098.0,6103.0,6177.0,6291.0,6427.0,6658.0,7049.0,6986.0,7010.0,6877.0,7542.0,8018.0,8514.0,8898.0,9427.0
MINTO,12938.0,13544.0,14847.0,15734.0,16810.0,17461.0,18249.0,19156.0,20068.0,9098.0,9672.0,10155.0,10379.0,10847.0,11095.0,11319.0,11792.0,12745.0
MIRANDA,16106.0,18443.0,19597.0,20648.0,21794.0,23730.0,25466.0,27016.0,28770.0,12375.0,12765.0,12973.0,13709.0,14624.0,15400.0,16150.0,16791.0,17487.0
MONA VALE,9339.0,9506.0,9689.0,9969.0,10819.0,11847.0,12872.0,13904.0,14422.0,6962.0,7297.0,7655.0,8193.0,8848.0,9351.0,9814.0,10232.0,10679.0
MONTEREY,4810.0,4897.0,4976.0,5027.0,5064.0,5180.0,5310.0,5447.0,5624.0,302.0,326.0,355.0,372.0,389.0,415.0,440.0,464.0,490.0
MOORE PARK,2590.0,2642.0,2665.0,2769.0,2846.0,2998.0,3130.0,3233.0,3426.0,4691.0,5031.0,5219.0,5594.0,5959.0,6350.0,6729.0,7073.0,7414.0
MOOREBANK,10087.0,11910.0,14756.0,17200.0,19536.0,22092.0,24949.0,28400.0,27808.0,10502.0,11876.0,11909.0,12441.0,12731.0,12451.0,12456.0,12643.0,13839.0
MORTDALE,11309.0,11561.0,11798.0,11992.0,12222.0,12690.0,13230.0,13823.0,14395.0,2304.0,2472.0,2651.0,2794.0,2981.0,3117.0,3253.0,3375.0,3505.0
MOSMAN,30260.0,30504.0,30643.0,30943.0,31557.0,33362.0,35177.0,36979.0,38796.0,10319.0,10876.0,11332.0,12026.0,12837.0,13626.0,14346.0,14962.0,15595.0
MOUNT ANNAN,11249.0,11516.0,11749.0,11871.0,11975.0,12009.0,12051.0,12085.0,12116.0,1778.0,2014.0,2163.0,2309.0,2477.0,2657.0,2831.0,3244.0,3528.0
MOUNT COLAH,7315.0,8141.0,8462.0,8751.0,9020.0,9372.0,9759.0,10189.0,10722.0,864.0,920.0,975.0,1038.0,1105.0,1182.0,1252.0,1313.0,1371.0
MOUNT DRUITT,17302.0,18855.0,20975.0,22621.0,24531.0,25604.0,26973.0,28521.0,29747.0,7516.0,7910.0,8235.0,8753.0,9539.0,10219.0,10954.0,11659.0,12381.0
MOUNT HUNTER,1313.0,1333.0,1331.0,1312.0,1281.0,1284.0,1294.0,1308.0,1321.0,118.0,117.0,120.0,125.0,130.0,134.0,137.0,143.0,146.0
MOUNT KURING-GAI,1724.0,1766.0,1799.0,1843.0,1887.0,1928.0,1986.0,2057.0,2163.0,2324.0,2327.0,2311.0,2299.0,2360.0,2430.0,2500.0,2564.0,2644.0
MOUNT LEWIS,4053.0,4210.0,4377.0,4524.0,4642.0,4749.0,4873.0,5006.0,5135.0,409.0,423.0,447.0,467.0,487.0,504.0,526.0,545.0,568.0
MOUNT PRITCHARD,10272.0,10488.0,10509.0,10509.0,10520.0,11068.0,11663.0,12307.0,12957.0,1320.0,1414.0,1346.0,1299.0,1278.0,1381.0,1430.0,1504.0,1617.0
MOUNT RIVERVIEW,3100.0,3107.0,3129.0,3133.0,3167.0,3209.0,3245.0,3283.0,3367.0,216.0,228.0,239.0,246.0,256.0,268.0,280.0,294.0,311.0
MOUNT VERNON,1248.0,1261.0,1266.0,1272.0,1277.0,1286.0,1286.0,1287.0,1287.0,218.0,221.0,234.0,249.0,262.0,291.0,313.0,340.0,366.0
MOUNT VICTORIA,1049.0,1052.0,1059.0,1060.0,1070.0,1106.0,1146.0,1189.0,1218.0,277.0,290.0,293.0,288.0,297.0,304.0,310.0,317.0,329.0
MULGOA,1837.0,1938.0,2176.0,2347.0,2350.0,2828.0,3017.0,3178.0,3346.0,642.0,707.0,759.0,804.0,846.0,901.0,959.0,1046.0,1137.0
MULGRAVE,95.0,96.0,96.0,98.0,102.0,106.0,110.0,115.0,120.0,2964.0,3422.0,3712.0,4131.0,4504.0,4685.0,4827.0,4989.0,5406.0
NARELLAN,3105.0,3241.0,3466.0,3617.0,3800.0,7398.0,11831.0,16655.0,21536.0,3120.0,3521.0,3811.0,4109.0,4441.0,5551.0,6827.0,8766.0,10273.0
NARELLAN VALE,8166.0,8310.0,8482.0,8593.0,8691.0,8721.0,8756.0,8785.0,8812.0,895.0,1012.0,1094.0,1159.0,1236.0,1312.0,1393.0,1577.0,1720.0
NAREMBURN,5827.0,5892.0,5962.0,6066.0,6215.0,6333.0,6471.0,6625.0,6882.0,1456.0,1480.0,1543.0,1595.0,1652.0,1697.0,1739.0,1780.0,1825.0
NARRABEEN,4516.0,4569.0,4732.0,5001.0,5233.0,5482.0,5787.0,6156.0,6406.0,1554.0,1613.0,1657.0,1769.0,1900.0,2018.0,2125.0,2216.0,2309.0
NARRAWEENA,5417.0,5444.0,5472.0,5505.0,5554.0,5952.0,6337.0,6713.0,7122.0,725.0,740.0,765.0,834.0,911.0,981.0,1046.0,1103.0,1161.0
NARWEE,3246.0,3422.0,3561.0,3735.0,3967.0,4002.0,4019.0,4032.0,4046.0,294.0,312.0,325.0,337.0,354.0,372.0,391.0,408.0,426.0
NELSON,471.0,572.0,587.0,589.0,591.0,592.0,592.0,591.0,594.0,149.0,177.0,222.0,260.0,308.0,320.0,331.0,340.0,363.0
NEUTRAL BAY,9639.0,10110.0,10459.0,10786.0,11104.0,11548.0,12074.0,12584.0,13246.0,5085.0,5398.0,5691.0,6076.0,6470.0,6865.0,7215.0,7501.0,7801.0
NEWINGTON,6852.0,6898.0,7089.0,7193.0,7257.0,7326.0,7520.0,7794.0,8349.0,1137.0,1229.0,1333.0,1418.0,1506.0,1576.0,1654.0,1728.0,1806.0
NEWPORT,10498.0,10620.0,10757.0,10975.0,11501.0,12024.0,12548.0,13077.0,13562.0,2501.0,2657.0,2820.0,3047.0,3307.0,3513.0,3703.0,3868.0,4038.0
NEWTOWN,15900.0,16164.0,16341.0,16670.0,17258.0,17776.0,18316.0,18891.0,19512.0,6596.0,7134.0,7306.0,7720.0,8174.0,8607.0,9040.0,9429.0,9827.0
NORMANHURST,6132.0,6401.0,6513.0,6610.0,6750.0,7051.0,7375.0,7706.0,8103.0,1248.0,1325.0,1432.0,1530.0,1637.0,1764.0,1887.0,2001.0,2109.0
NORTH BALGOWLAH,3336.0,3349.0,3357.0,3359.0,3364.0,3419.0,3469.0,3510.0,3586.0,422.0,451.0,470.0,508.0,550.0,588.0,623.0,653.0,683.0
NORTH BONDI,12031.0,12154.0,12227.0,12329.0,12497.0,12956.0,13371.0,14052.0,14740.0,2045.0,2216.0,2297.0,2422.0,2582.0,2747.0,2897.0,3027.0,3158.0
NORTH CURL CURL,4108.0,4142.0,4162.0,4170.0,4174.0,4235.0,4291.0,4340.0,4430.0,978.0,1027.0,1045.0,1110.0,1189.0,1262.0,1328.0,1384.0,1441.0
NORTH EPPING,4694.0,4772.0,4810.0,4850.0,4927.0,5113.0,5318.0,5544.0,5827.0,450.0,511.0,565.0,599.0,630.0,672.0,702.0,729.0,763.0
NORTH KELLYVILLE,4904.0,13595.0,20176.0,25099.0,26648.0,27004.0,27250.0,27277.0,28187.0,746.0,1099.0,1411.0,1663.0,2018.0,2146.0,2238.0,2311.0,2464.0
NORTH MANLY,5169.0,5182.0,5191.0,5197.0,5206.0,5277.0,5343.0,5394.0,5500.0,796.0,812.0,832.0,885.0,949.0,1005.0,1058.0,1103.0,1151.0
NORTH NARRABEEN,5197.0,5263.0,5303.0,5374.0,5649.0,5873.0,6083.0,6273.0,6551.0,1014.0,1059.0,1122.0,1196.0,1283.0,1354.0,1418.0,1474.0,1533.0
NORTH PARRAMATTA,15473.0,16975.0,19635.0,21985.0,23412.0,25193.0,27602.0,29282.0,32462.0,6310.0,6745.0,7594.0,8230.0,8941.0,9477.0,10177.0,10879.0,11449.0
NORTH RICHMOND,5124.0,5777.0,5980.0,6236.0,6371.0,6500.0,6629.0,6770.0,6910.0,2236.0,2239.0,2256.0,2297.0,2353.0,2475.0,2586.0,2704.0,2880.0
NORTH ROCKS,8178.0,8748.0,8958.0,9086.0,9265.0,10304.0,11775.0,13656.0,13710.0,4305.0,4510.0,4885.0,5161.0,5479.0,5707.0,5966.0,6221.0,6492.0
NORTH RYDE,10572.0,14992.0,16776.0,17730.0,19212.0,20316.0,21242.0,21999.0,23825.0,14148.0,15719.0,16696.0,17659.0,18807.0,19850.0,20837.0,21667.0,22660.0
NORTH ST MARYS,4019.0,4117.0,4166.0,4228.0,4312.0,4981.0,5653.0,6325.0,7003.0,1756.0,1773.0,2025.0,2297.0,2616.0,2999.0,3379.0,3797.0,4215.0
NORTH STRATHFIELD,3763.0,4033.0,4685.0,5514.0,6781.0,8448.0,10080.0,11697.0,13833.0,2666.0,3152.0,3537.0,3916.0,4176.0,4469.0,4711.0,4939.0,5157.0
NORTH SYDNEY,7674.0,10391.0,12498.0,14380.0,15014.0,15940.0,16845.0,17766.0,18724.0,52012.0,56261.0,59476.0,63022.0,66776.0,70424.0,73606.0,76083.0,78719.0
NORTH TURRAMURRA,4348.0,4430.0,4485.0,4529.0,4765.0,5214.0,5592.0,5938.0,6232.0,1531.0,1602.0,1740.0,1845.0,1921.0,2052.0,2180.0,2303.0,2436.0
NORTH WAHROONGA,2435.0,2452.0,2464.0,2471.0,2517.0,2610.0,2692.0,2799.0,2931.0,250.0,269.0,289.0,306.0,322.0,342.0,359.0,373.0,387.0
NORTH WILLOUGHBY,5733.0,5792.0,5856.0,5950.0,6088.0,6249.0,6417.0,6590.0,6843.0,1815.0,1896.0,1970.0,2053.0,2155.0,2237.0,2306.0,2371.0,2440.0
NORTHBRIDGE,6630.0,6761.0,6895.0,7089.0,7369.0,7712.0,8080.0,8473.0,8812.0,2086.0,2139.0,2212.0,2294.0,2388.0,2465.0,2535.0,2599.0,2669.0
NORTHMEAD,13038.0,13656.0,14047.0,14464.0,14938.0,16294.0,17783.0,19281.0,19689.0,5424.0,5826.0,6270.0,6610.0,6958.0,7215.0,7522.0,7813.0,8154.0
NORTHWOOD,1013.0,1021.0,1025.0,1065.0,1168.0,1250.0,1306.0,1397.0,1477.0,162.0,166.0,173.0,179.0,186.0,193.0,198.0,204.0,209.0
NORWEST,1217.0,4220.0,9867.0,14131.0,17930.0,18277.0,18544.0,18599.0,19561.0,11018.0,12986.0,14139.0,16433.0,18146.0,19544.0,20849.0,22232.0,23802.0
OAKDALE,5068.0,5246.0,5233.0,5107.0,4925.0,4958.0,5103.0,5336.0,5571.0,1031.0,1063.0,1093.0,1144.0,1204.0,1245.0,1286.0,1336.0,1360.0
OAKHURST,7158.0,7263.0,7322.0,7354.0,7392.0,7514.0,7702.0,7925.0,8233.0,453.0,472.0,491.0,507.0,545.0,577.0,611.0,645.0,677.0
OAKVILLE,1685.0,1692.0,1675.0,1663.0,1674.0,1669.0,1665.0,1660.0,1655.0,805.0,930.0,1062.0,1173.0,1302.0,1368.0,1421.0,1471.0,1607.0
OATLANDS,5503.0,5630.0,6110.0,6709.0,7209.0,7720.0,8193.0,8655.0,8811.0,824.0,882.0,987.0,1055.0,1124.0,1198.0,1274.0,1344.0,1392.0
OATLEY,10417.0,10604.0,10776.0,10938.0,11200.0,12060.0,13085.0,14216.0,15341.0,1784.0,1920.0,2079.0,2203.0,2356.0,2480.0,2601.0,2708.0,2827.0
OLD GUILDFORD,4364.0,4584.0,4675.0,4789.0,4930.0,5157.0,5405.0,5666.0,5930.0,1406.0,1523.0,1612.0,1696.0,1787.0,1885.0,1969.0,2089.0,2242.0
ORAN PARK,4895.0,9043.0,13824.0,21198.0,29488.0,34217.0,37286.0,39032.0,40791.0,1053.0,1544.0,3243.0,4295.0,5812.0,7460.0,9764.0,11796.0,13205.0
ORANGEVILLE,2934.0,2951.0,2950.0,2946.0,2940.0,2941.0,2942.0,2943.0,2944.0,576.0,552.0,620.0,644.0,679.0,712.0,755.0,794.0,811.0
ORCHARD HILLS,1946.0,1977.0,4169.0,7063.0,9764.0,18013.0,26163.0,34337.0,42586.0,1353.0,1541.0,1846.0,3129.0,3715.0,5356.0,6109.0,6557.0,6924.0
OXFORD FALLS,3036.0,3085.0,3197.0,3370.0,3543.0,3733.0,3962.0,4233.0,4413.0,990.0,1024.0,1051.0,1138.0,1235.0,1314.0,1394.0,1468.0,1542.0
OXLEY PARK,3255.0,3741.0,4179.0,4581.0,4860.0,5378.0,5888.0,6391.0,6899.0,292.0,305.0,332.0,355.0,381.0,440.0,493.0,552.0,609.0
OYSTER BAY,5317.0,5411.0,5500.0,5634.0,5805.0,6036.0,6294.0,6589.0,6786.0,463.0,500.0,528.0,561.0,602.0,638.0,674.0,705.0,739.0
PADDINGTON,13691.0,13769.0,13850.0,14025.0,14158.0,14708.0,14936.0,15114.0,15530.0,6293.0,6827.0,7072.0,7445.0,7839.0,8343.0,8665.0,8950.0,9231.0
PADSTOW,14490.0,14929.0,15545.0,16141.0,16903.0,17857.0,18800.0,19800.0,20595.0,8151.0,8384.0,8726.0,8910.0,9132.0,9333.0,9598.0,9887.0,10263.0
PADSTOW HEIGHTS,2633.0,2703.0,2819.0,2923.0,3013.0,3143.0,3295.0,3468.0,3544.0,265.0,271.0,291.0,310.0,327.0,344.0,361.0,377.0,396.0
PAGEWOOD,3961.0,4430.0,4682.0,4836.0,4947.0,5502.0,6082.0,6686.0,7295.0,1556.0,1744.0,1799.0,1875.0,1941.0,2037.0,2130.0,2212.0,2294.0
PALM BEACH,1869.0,1892.0,1914.0,1950.0,2077.0,2178.0,2275.0,2363.0,2493.0,861.0,886.0,931.0,998.0,1075.0,1134.0,1189.0,1236.0,1284.0
PANANIA,15092.0,15584.0,16241.0,16799.0,17350.0,18157.0,19064.0,20087.0,20583.0,1780.0,1838.0,1947.0,2039.0,2127.0,2209.0,2299.0,2380.0,2482.0
PARKLEA,2905.0,3015.0,3108.0,3178.0,3328.0,3552.0,3761.0,3938.0,4161.0,558.0,635.0,752.0,843.0,958.0,1032.0,1107.0,1176.0,1272.0
PARRAMATTA,25873.0,33955.0,40521.0,46357.0,51584.0,54398.0,58766.0,62908.0,71255.0,54000.0,62636.0,76108.0,85471.0,95665.0,105493.0,115712.0,126412.0,133401.0
PEAKHURST,10358.0,11162.0,11889.0,12489.0,13193.0,14080.0,15045.0,16083.0,17120.0,5810.0,5902.0,6061.0,6220.0,6531.0,6785.0,7038.0,7276.0,7552.0
PEAKHURST HEIGHTS,2429.0,2462.0,2500.0,2537.0,2606.0,2891.0,3192.0,3491.0,3790.0,340.0,374.0,411.0,440.0,476.0,504.0,532.0,558.0,585.0
PEMULWUY,5189.0,5534.0,6501.0,7263.0,7901.0,8212.0,8438.0,8631.0,10622.0,4233.0,4691.0,4916.0,5121.0,5277.0,5414.0,5566.0,5694.0,5905.0
PENDLE HILL,7561.0,8225.0,8521.0,8868.0,9225.0,9599.0,9955.0,10302.0,10466.0,2296.0,2381.0,2591.0,2750.0,2929.0,3070.0,3243.0,3417.0,3597.0
PENNANT HILLS,8380.0,8713.0,8841.0,8957.0,9264.0,10123.0,11035.0,12016.0,12645.0,3882.0,4289.0,4726.0,4982.0,5208.0,5532.0,5770.0,5987.0,6286.0
PENRITH,13782.0,18991.0,22395.0,24489.0,23983.0,26930.0,29921.0,33025.0,36156.0,23501.0,26116.0,27707.0,29332.0,30715.0,31784.0,33146.0,35237.0,37879.0
PENSHURST,13983.0,14210.0,14431.0,14613.0,14844.0,15344.0,15888.0,16447.0,17030.0,1816.0,1956.0,2111.0,2238.0,2395.0,2522.0,2645.0,2754.0,2874.0
PETERSHAM,9690.0,10535.0,11044.0,11250.0,11450.0,12374.0,13359.0,14351.0,15245.0,2598.0,3016.0,3257.0,3436.0,3674.0,3855.0,4025.0,4175.0,4331.0
PHILLIP BAY,2682.0,2775.0,2949.0,3003.0,3119.0,3288.0,3517.0,3578.0,3735.0,281.0,306.0,332.0,348.0,366.0,389.0,415.0,439.0,464.0
PICNIC POINT,5230.0,5439.0,5722.0,5970.0,6242.0,6596.0,6964.0,7339.0,7573.0,598.0,628.0,667.0,700.0,731.0,759.0,791.0,820.0,854.0
PICTON,4627.0,4810.0,4964.0,5044.0,5113.0,5387.0,5799.0,6324.0,6854.0,2834.0,3052.0,3494.0,3809.0,4213.0,4581.0,4971.0,5149.0,5253.0
PITT TOWN,3384.0,4012.0,4513.0,4618.0,5109.0,5103.0,5097.0,5092.0,5086.0,723.0,833.0,948.0,1051.0,1170.0,1227.0,1271.0,1319.0,1430.0
PLEASURE POINT,1161.0,1207.0,1483.0,1544.0,1548.0,1550.0,1689.0,1884.0,2276.0,156.0,165.0,176.0,187.0,195.0,203.0,215.0,234.0,250.0
PLUMPTON,9525.0,10001.0,10181.0,10261.0,10390.0,10798.0,11347.0,11979.0,12844.0,1601.0,1651.0,1658.0,1732.0,1858.0,1964.0,2078.0,2186.0,2290.0
POINT PIPER,2312.0,2319.0,2332.0,2357.0,2377.0,2534.0,2598.0,2672.0,2719.0,1201.0,1333.0,1381.0,1452.0,1530.0,1632.0,1680.0,1717.0,1758.0
PORT BOTANY,0.0,0.0,0.0,0.0,0.0,0.0,0.0,0.0,0.0,1808.0,1885.0,1917.0,1980.0,2031.0,2037.0,2043.0,2040.0,2053.0
PORT HACKING,1828.0,1853.0,1881.0,1925.0,1987.0,2091.0,2202.0,2323.0,2396.0,255.0,278.0,291.0,311.0,334.0,355.0,375.0,391.0,408.0
POTTS HILL,939.0,1190.0,1387.0,1508.0,1609.0,1609.0,1609.0,1609.0,1644.0,947.0,1340.0,1452.0,1569.0,1680.0,1734.0,1783.0,1832.0,1878.0
POTTS POINT,8679.0,8991.0,9157.0,9637.0,10048.0,10415.0,10784.0,11166.0,11555.0,8395.0,9146.0,9440.0,9946.0,10431.0,10927.0,11376.0,11752.0,12150.0
PRAIRIEWOOD,3362.0,3423.0,3415.0,3410.0,3410.0,4077.0,4602.0,5171.0,5743.0,3468.0,3584.0,3604.0,3672.0,3882.0,4419.0,4774.0,5200.0,5773.0
PRESTONS,15884.0,16679.0,17037.0,17249.0,17296.0,17418.0,18264.0,19442.0,21793.0,11169.0,11834.0,11743.0,11777.0,11972.0,12362.0,12930.0,13713.0,15079.0
PROSPECT,4887.0,5321.0,5609.0,5759.0,5929.0,5992.0,6101.0,6231.0,6436.0,5710.0,6171.0,6313.0,6576.0,6973.0,7304.0,7616.0,7943.0,8304.0
PUNCHBOWL,20662.0,22659.0,24147.0,27195.0,30495.0,32955.0,35222.0,37261.0,39177.0,3177.0,3343.0,3669.0,3929.0,4212.0,4390.0,4575.0,4763.0,4979.0
PUTNEY,4273.0,4385.0,4516.0,4662.0,4820.0,5270.0,5838.0,6543.0,6546.0,731.0,805.0,872.0,932.0,998.0,1060.0,1118.0,1168.0,1218.0
PYMBLE,11508.0,12866.0,13851.0,14479.0,15000.0,16056.0,17109.0,18085.0,18970.0,5666.0,6095.0,6510.0,6828.0,7119.0,7513.0,7870.0,8190.0,8547.0
PYRMONT,13674.0,13871.0,14745.0,16967.0,17777.0,18491.0,19184.0,19886.0,20645.0,24621.0,25951.0,27490.0,29148.0,30744.0,32595.0,34444.0,36075.0,37662.0
QUAKERS HILL,29273.0,31460.0,34595.0,36413.0,37665.0,38839.0,40210.0,41644.0,42975.0,3858.0,4400.0,5622.0,6572.0,7636.0,8229.0,8677.0,9023.0,9599.0
QUEENS PARK,3295.0,3321.0,3330.0,3356.0,3436.0,3661.0,3852.0,4051.0,4252.0,852.0,962.0,1005.0,1069.0,1147.0,1226.0,1297.0,1359.0,1422.0
QUEENSCLIFF,4530.0,4552.0,4581.0,4621.0,4656.0,4712.0,4775.0,4838.0,4936.0,561.0,583.0,600.0,634.0,675.0,716.0,752.0,781.0,811.0
RABY,6100.0,6236.0,6289.0,6312.0,6332.0,7051.0,7929.0,8954.0,9987.0,555.0,588.0,583.0,579.0,577.0,609.0,633.0,683.0,734.0
RAMSGATE,2839.0,3063.0,3157.0,3203.0,3232.0,3362.0,3528.0,3702.0,3860.0,197.0,213.0,236.0,248.0,258.0,276.0,293.0,309.0,326.0
RANDWICK,31807.0,33898.0,35919.0,38165.0,40105.0,42683.0,45722.0,48833.0,51673.0,18397.0,19354.0,21111.0,22258.0,23666.0,25425.0,27376.0,29292.0,31339.0
RAZORBACK,1502.0,1672.0,2970.0,4302.0,5806.0,6567.0,7099.0,7513.0,7930.0,400.0,453.0,691.0,782.0,909.0,1046.0,1214.0,1599.0,1656.0
REDFERN,13975.0,14245.0,14425.0,16425.0,17710.0,18838.0,19921.0,21012.0,22202.0,8057.0,8766.0,10418.0,11846.0,13330.0,14247.0,14984.0,15621.0,16305.0
REGENTS PARK,5244.0,5377.0,5444.0,5520.0,5606.0,5780.0,6145.0,6590.0,7223.0,3333.0,3643.0,3885.0,4107.0,4299.0,4478.0,4661.0,4838.0,5036.0
REGENTVILLE,654.0,678.0,693.0,709.0,736.0,834.0,935.0,1040.0,1146.0,623.0,688.0,742.0,805.0,866.0,931.0,1000.0,1090.0,1189.0
REVESBY,14365.0,14906.0,15591.0,16170.0,16752.0,17593.0,18546.0,19637.0,20163.0,7301.0,7561.0,7830.0,8038.0,8270.0,8490.0,8749.0,9006.0,9349.0
REVESBY HEIGHTS,2470.0,2531.0,2646.0,2751.0,2840.0,2972.0,3131.0,3313.0,3382.0,225.0,238.0,253.0,267.0,280.0,293.0,307.0,319.0,334.0
RHODES,12567.0,14383.0,16569.0,19840.0,21575.0,22163.0,22737.0,23322.0,24103.0,12624.0,14530.0,15823.0,17131.0,18515.0,19923.0,21200.0,22303.0,23527.0
RICHMOND,5505.0,5594.0,5660.0,5762.0,5906.0,6534.0,7175.0,7874.0,8579.0,6893.0,7291.0,7492.0,7711.0,7992.0,8457.0,8870.0,9386.0,10000.0
RIVERSTONE,7434.0,11482.0,19019.0,28202.0,39299.0,43245.0,46364.0,48559.0,51544.0,4171.0,5391.0,6940.0,8354.0,9428.0,10644.0,11240.0,11332.0,12495.0
RIVERVIEW,3501.0,3567.0,3605.0,3745.0,4079.0,4350.0,4549.0,4856.0,5134.0,793.0,953.0,1006.0,1062.0,1145.0,1227.0,1297.0,1364.0,1429.0
RIVERWOOD,12830.0,13660.0,16323.0,19166.0,22249.0,22521.0,22601.0,22673.0,22764.0,4291.0,4423.0,4564.0,4682.0,4902.0,5075.0,5247.0,5416.0,5619.0
ROCKDALE,17313.0,19481.0,21423.0,22134.0,22395.0,23281.0,24722.0,26237.0,27856.0,6272.0,6621.0,7188.0,7443.0,7733.0,8203.0,8663.0,9088.0,9549.0
RODD POINT,3018.0,3059.0,3091.0,3106.0,3133.0,3201.0,3269.0,3335.0,3362.0,319.0,367.0,400.0,423.0,446.0,473.0,500.0,525.0,551.0
ROOKWOOD,3.0,4.0,4.0,4.0,5.0,5.0,6.0,6.0,6.0,182.0,222.0,221.0,230.0,244.0,258.0,272.0,285.0,298.0
ROOTY HILL,16046.0,17380.0,18608.0,19393.0,20231.0,20894.0,21809.0,22901.0,23588.0,3926.0,4099.0,4268.0,4489.0,4833.0,5085.0,5370.0,5663.0,5981.0
ROPES CROSSING,6324.0,6582.0,6686.0,6732.0,7311.0,9035.0,10594.0,11865.0,13617.0,552.0,563.0,568.0,583.0,616.0,645.0,676.0,705.0,734.0
ROSE BAY,11159.0,11217.0,11300.0,11426.0,11536.0,12421.0,12838.0,13401.0,13783.0,3867.0,4112.0,4220.0,4422.0,4649.0,4977.0,5124.0,5248.0,5375.0
ROSEBERY,10729.0,12598.0,13339.0,14680.0,16435.0,19241.0,22259.0,25561.0,27982.0,7006.0,7719.0,8010.0,8451.0,8838.0,9275.0,9707.0,10077.0,10433.0
ROSEHILL,3280.0,4046.0,7318.0,12246.0,18593.0,20457.0,21182.0,21938.0,22687.0,5671.0,6011.0,6907.0,7808.0,8870.0,9274.0,9743.0,10233.0,10671.0
ROSELANDS,13567.0,15248.0,15559.0,15768.0,15903.0,16122.0,16453.0,17041.0,17843.0,3320.0,3439.0,3799.0,4101.0,4402.0,4589.0,4774.0,4950.0,5165.0
ROSEMEADOW,8198.0,8468.0,8772.0,8985.0,9268.0,10095.0,11073.0,12192.0,13320.0,1211.0,1267.0,1385.0,1459.0,1538.0,1594.0,1632.0,1691.0,1767.0
ROSEVILLE,10037.0,10541.0,11179.0,11896.0,12519.0,13606.0,14580.0,15437.0,16183.0,2123.0,2237.0,2387.0,2510.0,2604.0,2744.0,2868.0,2983.0,3102.0
ROSEVILLE CHASE,3249.0,3269.0,3278.0,3284.0,3331.0,3429.0,3515.0,3640.0,3810.0,479.0,512.0,556.0,587.0,607.0,645.0,679.0,710.0,741.0
ROSSMORE,2369.0,2532.0,2584.0,4965.0,13566.0,23939.0,27331.0,29903.0,35220.0,823.0,853.0,1094.0,1373.0,1669.0,1963.0,3304.0,4331.0,4839.0
ROUSE HILL,8746.0,13547.0,19206.0,23649.0,30277.0,35463.0,39044.0,41016.0,46507.0,4857.0,6405.0,8525.0,10419.0,12607.0,13937.0,15025.0,15770.0,16757.0
ROYAL NATIONAL PARK,552.0,553.0,553.0,554.0,573.0,651.0,716.0,762.0,854.0,204.0,223.0,227.0,237.0,252.0,264.0,276.0,285.0,297.0
ROZELLE,9149.0,9512.0,11160.0,11933.0,12669.0,13630.0,15027.0,16905.0,19277.0,4320.0,4692.0,6790.0,12251.0,12831.0,13270.0,13664.0,14026.0,14387.0
RUSE,5736.0,5827.0,5729.0,5691.0,5680.0,6377.0,7231.0,8228.0,9233.0,450.0,470.0,448.0,439.0,426.0,451.0,470.0,508.0,550.0
RUSHCUTTERS BAY,4064.0,4165.0,4184.0,4249.0,4311.0,4367.0,4425.0,4486.0,4550.0,910.0,957.0,987.0,1052.0,1111.0,1177.0,1247.0,1313.0,1374.0
RUSSELL LEA,3684.0,3719.0,3776.0,3822.0,3864.0,3968.0,4083.0,4207.0,4221.0,373.0,409.0,450.0,476.0,503.0,534.0,565.0,594.0,626.0
RYDALMERE,7306.0,8126.0,8617.0,9101.0,9627.0,10041.0,10370.0,10707.0,10744.0,10902.0,11013.0,11334.0,11571.0,12013.0,12538.0,13146.0,13773.0,14400.0
RYDE,28307.0,33448.0,36882.0,38762.0,40676.0,42843.0,45072.0,47246.0,50699.0,8846.0,9851.0,10540.0,11187.0,11883.0,12521.0,13139.0,13678.0,14254.0
SADLEIR,3249.0,3362.0,3522.0,3687.0,3812.0,4348.0,4939.0,5620.0,5624.0,238.0,276.0,382.0,482.0,601.0,666.0,696.0,738.0,829.0
SANDRINGHAM,3173.0,3214.0,3261.0,3288.0,3304.0,3355.0,3431.0,3507.0,3643.0,362.0,392.0,437.0,461.0,482.0,516.0,550.0,581.0,614.0
SANS SOUCI,10766.0,11516.0,12060.0,12413.0,12767.0,13205.0,13672.0,14182.0,14689.0,2295.0,2446.0,2702.0,2847.0,2994.0,3178.0,3361.0,3530.0,3710.0
SCHOFIELDS,4039.0,12756.0,23883.0,34068.0,42363.0,46239.0,49446.0,51836.0,55079.0,1550.0,2084.0,2785.0,3312.0,3965.0,4383.0,4759.0,5004.0,5340.0
SCOTLAND ISLAND,599.0,606.0,613.0,1037.0,1278.0,1348.0,1416.0,1445.0,1489.0,87.0,92.0,99.0,105.0,113.0,120.0,127.0,132.0,138.0
SEAFORTH,7458.0,7583.0,7553.0,7678.0,7795.0,8367.0,8936.0,9500.0,10067.0,1636.0,1708.0,1728.0,1747.0,1766.0,1801.0,1826.0,1842.0,1861.0
SEFTON,6154.0,6399.0,6807.0,7167.0,7472.0,8000.0,8641.0,9388.0,9585.0,1488.0,1543.0,1578.0,1670.0,1740.0,1800.0,1863.0,1928.0,1998.0
SEVEN HILLS,20533.0,21904.0,23470.0,24896.0,26728.0,27864.0,29536.0,31614.0,32427.0,17006.0,17281.0,17343.0,17611.0,18092.0,18357.0,18754.0,19200.0,19642.0
SHALVEY,3568.0,3640.0,3718.0,3779.0,3841.0,3898.0,3996.0,4118.0,4287.0,277.0,309.0,323.0,341.0,364.0,385.0,406.0,426.0,445.0
SHANES PARK,415.0,418.0,420.0,479.0,507.0,600.0,559.0,589.0,558.0,245.0,563.0,851.0,1202.0,1461.0,1580.0,1841.0,1919.0,2014.0
SILVERDALE,5337.0,5777.0,5915.0,5790.0,5552.0,6012.0,6854.0,7993.0,9144.0,1119.0,1192.0,1273.0,1366.0,1450.0,1524.0,1599.0,1611.0,1639.0
SILVERWATER,3571.0,4027.0,4331.0,4625.0,4941.0,5207.0,5568.0,5951.0,6423.0,14322.0,15888.0,17233.0,18217.0,19262.0,20111.0,21220.0,22334.0,23467.0
SMEATON GRANGE,65.0,440.0,1073.0,1532.0,1730.0,1782.0,1830.0,1861.0,1892.0,7506.0,8051.0,8233.0,8550.0,9155.0,9793.0,10432.0,11804.0,12990.0
SMITHFIELD,12736.0,13029.0,13415.0,13813.0,14380.0,15528.0,16799.0,18179.0,19570.0,16056.0,16610.0,16710.0,16916.0,17398.0,17979.0,18581.0,19301.0,20285.0
SOUTH COOGEE,5911.0,6164.0,6749.0,6932.0,7233.0,7563.0,7916.0,8246.0,8708.0,629.0,673.0,742.0,782.0,827.0,884.0,948.0,1009.0,1072.0
SOUTH GRANVILLE,7742.0,8256.0,8897.0,9674.0,10429.0,10825.0,11039.0,11260.0,11284.0,936.0,1018.0,1106.0,1170.0,1248.0,1334.0,1418.0,1492.0,1567.0
SOUTH HURSTVILLE,6880.0,7268.0,7921.0,8606.0,9580.0,10545.0,11422.0,12208.0,12907.0,1231.0,1307.0,1413.0,1492.0,1594.0,1675.0,1755.0,1825.0,1904.0
SOUTH MAROOTA,1170.0,1193.0,1210.0,1223.0,1243.0,1276.0,1306.0,1317.0,1423.0,279.0,286.0,292.0,309.0,329.0,349.0,370.0,387.0,405.0
SOUTH PENRITH,12117.0,12311.0,12479.0,12648.0,12803.0,14978.0,17103.0,19194.0,21305.0,2277.0,2513.0,2689.0,2893.0,3092.0,3220.0,3373.0,3590.0,3842.0
SOUTH TURRAMURRA,3560.0,3599.0,3627.0,3642.0,3696.0,3811.0,3916.0,4059.0,4249.0,536.0,594.0,638.0,675.0,701.0,745.0,784.0,819.0,855.0
SOUTH WENTWORTHVILLE,6844.0,7204.0,7409.0,7712.0,8133.0,8689.0,9256.0,9792.0,9952.0,635.0,680.0,736.0,775.0,825.0,881.0,935.0,984.0,1032.0
SOUTH WINDSOR,6757.0,6822.0,6868.0,6940.0,7045.0,7490.0,7937.0,8420.0,8908.0,4033.0,4094.0,4008.0,4041.0,4146.0,4334.0,4498.0,4671.0,4974.0
SPRING FARM,4425.0,6282.0,8623.0,10267.0,11750.0,15626.0,25402.0,38935.0,52616.0,882.0,973.0,1006.0,1057.0,1140.0,1230.0,1316.0,1501.0,1637.0
SPRINGWOOD,11994.0,12033.0,12156.0,12175.0,12374.0,12689.0,13018.0,13377.0,13704.0,3356.0,3504.0,3632.0,3729.0,3876.0,4047.0,4208.0,4404.0,4627.0
ST ANDREWS,4243.0,4321.0,4623.0,4866.0,5178.0,5503.0,5927.0,6433.0,6943.0,325.0,342.0,387.0,410.0,442.0,450.0,454.0,472.0,491.0
ST CLAIR,20548.0,20952.0,21263.0,21621.0,22089.0,24935.0,27735.0,30486.0,33262.0,2195.0,2256.0,2415.0,2584.0,2753.0,2892.0,2953.0,3034.0,3136.0
ST HELENS PARK,6807.0,6950.0,7185.0,7365.0,7616.0,8141.0,8794.0,9540.0,10293.0,371.0,391.0,432.0,456.0,489.0,496.0,498.0,512.0,531.0
ST IVES,17926.0,18770.0,19641.0,20479.0,20985.0,21784.0,22596.0,23480.0,24599.0,4680.0,5004.0,5405.0,5699.0,5883.0,6247.0,6583.0,6892.0,7219.0
ST IVES CHASE,3267.0,3290.0,3305.0,3313.0,3367.0,3477.0,3575.0,3711.0,3884.0,277.0,300.0,326.0,345.0,364.0,389.0,408.0,425.0,442.0
ST JOHNS PARK,6291.0,6440.0,6685.0,6924.0,7240.0,7514.0,7814.0,8138.0,8465.0,716.0,751.0,798.0,855.0,941.0,1011.0,1059.0,1118.0,1196.0
ST LEONARDS,6528.0,7767.0,8629.0,10178.0,12442.0,13817.0,14973.0,16215.0,17277.0,25256.0,25671.0,26181.0,26925.0,27641.0,28129.0,28644.0,29165.0,29785.0
ST MARYS,12477.0,13904.0,15042.0,16402.0,17549.0,21953.0,26421.0,30866.0,35351.0,10178.0,10463.0,12018.0,13690.0,15433.0,17550.0,19607.0,22018.0,24414.0
ST PETERS,3310.0,4058.0,4681.0,5136.0,5578.0,6010.0,6528.0,7162.0,7696.0,4334.0,4709.0,4889.0,5096.0,5347.0,5542.0,5726.0,5884.0,6043.0
STANHOPE GARDENS,12825.0,13144.0,13450.0,13675.0,13979.0,14619.0,15176.0,15629.0,16280.0,2330.0,2661.0,3448.0,4035.0,4668.0,4973.0,5181.0,5306.0,5648.0
STANMORE,7525.0,7636.0,7740.0,7813.0,7898.0,8305.0,8715.0,9105.0,9523.0,2486.0,2870.0,3112.0,3281.0,3521.0,3691.0,3859.0,4013.0,4169.0
STRATHFIELD,26294.0,29791.0,33151.0,34364.0,35315.0,36032.0,36931.0,37951.0,39519.0,8860.0,9770.0,11083.0,11787.0,12412.0,12928.0,13484.0,13992.0,14505.0
STRATHFIELD SOUTH,3743.0,4303.0,4715.0,4798.0,4822.0,4859.0,4919.0,4991.0,5157.0,3380.0,3973.0,4268.0,4521.0,4668.0,4775.0,4890.0,4991.0,5079.0
SUMMER HILL,7314.0,8454.0,8594.0,8658.0,8729.0,9148.0,9632.0,10105.0,10566.0,2179.0,2380.0,2644.0,2780.0,2977.0,3138.0,3296.0,3442.0,3586.0
SUN VALLEY,1231.0,1239.0,1267.0,1272.0,1323.0,1361.0,1370.0,1380.0,1532.0,295.0,307.0,309.0,301.0,308.0,315.0,321.0,329.0,343.0
SURRY HILLS,17745.0,18213.0,18816.0,20104.0,20429.0,20821.0,21248.0,21714.0,22200.0,34718.0,37225.0,38738.0,41090.0,43270.0,45836.0,48315.0,50472.0,52753.0
SUTHERLAND,12067.0,12733.0,13440.0,14563.0,15565.0,16204.0,16912.0,17684.0,18638.0,5721.0,6656.0,7103.0,7660.0,8280.0,8813.0,9327.0,9765.0,10249.0
SYDENHAM,2556.0,2654.0,2695.0,2709.0,2721.0,2785.0,2857.0,2936.0,3040.0,751.0,810.0,846.0,881.0,925.0,958.0,988.0,1014.0,1041.0
SYDNEY,19624.0,22056.0,22413.0,23865.0,25407.0,26762.0,28075.0,29381.0,30759.0,324936.0,346612.0,363832.0,388219.0,415417.0,441398.0,463532.0,481729.0,501857.0
SYDNEY OLYMPIC PARK,1841.0,6629.0,12628.0,19852.0,28160.0,31654.0,32862.0,33394.0,34766.0,13188.0,13495.0,19125.0,21349.0,23021.0,25042.0,26827.0,28806.0,30860.0
SYLVANIA,11561.0,11898.0,12316.0,13006.0,13801.0,14713.0,15657.0,16653.0,17321.0,2850.0,2990.0,3081.0,3287.0,3529.0,3736.0,3935.0,4102.0,4282.0
SYLVANIA WATERS,2422.0,2462.0,2518.0,2614.0,2733.0,2882.0,3064.0,3279.0,3372.0,265.0,277.0,285.0,301.0,322.0,339.0,356.0,369.0,385.0
TAHMOOR,5100.0,5497.0,5711.0,5853.0,5986.0,6446.0,7120.0,7976.0,8836.0,1422.0,1532.0,1783.0,1929.0,2130.0,2317.0,2518.0,2598.0,2664.0
TAMARAMA,3142.0,3181.0,3207.0,3241.0,3283.0,3407.0,3560.0,3743.0,3927.0,543.0,585.0,607.0,640.0,681.0,725.0,763.0,796.0,829.0
TAREN POINT,2772.0,2849.0,2929.0,3051.0,3198.0,3353.0,3540.0,3758.0,3869.0,3881.0,3934.0,3882.0,3961.0,4151.0,4313.0,4470.0,4601.0,4756.0
TELOPEA,8095.0,9172.0,11151.0,13505.0,15350.0,15930.0,16254.0,16584.0,17060.0,818.0,873.0,967.0,1027.0,1089.0,1156.0,1225.0,1287.0,1331.0
TEMPE,2414.0,2458.0,2469.0,2474.0,2480.0,2590.0,2717.0,2860.0,3004.0,1987.0,2243.0,2294.0,2411.0,2576.0,2674.0,2767.0,2847.0,2930.0
TENNYSON POINT,2321.0,2804.0,3358.0,3662.0,3925.0,4187.0,4466.0,4754.0,5160.0,1208.0,1292.0,1341.0,1415.0,1497.0,1582.0,1655.0,1713.0,1776.0
THE PONDS,10550.0,13212.0,16140.0,18933.0,20376.0,21797.0,23224.0,24502.0,26285.0,513.0,811.0,1084.0,1306.0,1531.0,1654.0,1737.0,1786.0,1906.0
THE ROCKS,839.0,893.0,915.0,1000.0,1071.0,1138.0,1202.0,1269.0,1337.0,13610.0,14537.0,15399.0,16179.0,16918.0,17751.0,18471.0,19030.0,19613.0
THIRLMERE,4864.0,5077.0,5662.0,6039.0,6387.0,7422.0,8899.0,10752.0,12621.0,740.0,752.0,872.0,961.0,1071.0,1164.0,1258.0,1310.0,1314.0
THORNLEIGH,9177.0,9891.0,10307.0,10586.0,10821.0,11214.0,11644.0,12091.0,12717.0,4575.0,4886.0,5119.0,5388.0,5701.0,6069.0,6406.0,6694.0,6979.0
TOONGABBIE,17493.0,19549.0,20791.0,21694.0,22615.0,23349.0,24136.0,25007.0,25619.0,2344.0,2497.0,2709.0,2902.0,3112.0,3250.0,3422.0,3590.0,3735.0
TREGEAR,3997.0,4101.0,4245.0,4383.0,4560.0,4648.0,4785.0,4953.0,5059.0,251.0,263.0,270.0,280.0,298.0,313.0,330.0,346.0,361.0
TURRAMURRA,12029.0,13056.0,13827.0,14553.0,15162.0,16297.0,17528.0,18547.0,19460.0,2595.0,2734.0,2955.0,3104.0,3205.0,3397.0,3576.0,3735.0,3909.0
TURRELLA,1869.0,1890.0,2194.0,2602.0,3025.0,3361.0,3643.0,3970.0,4289.0,1034.0,1046.0,1079.0,1076.0,1096.0,1144.0,1193.0,1240.0,1290.0
ULTIMO,9435.0,9923.0,10764.0,12979.0,13502.0,14090.0,14790.0,15529.0,16315.0,19348.0,21024.0,21618.0,22947.0,24210.0,25554.0,26906.0,28136.0,29339.0
VARROVILLE,122.0,127.0,129.0,129.0,129.0,131.0,133.0,135.0,137.0,218.0,232.0,230.0,230.0,229.0,242.0,253.0,273.0,293.0
VAUCLUSE,9103.0,9210.0,9290.0,9409.0,9524.0,9974.0,10240.0,10525.0,10857.0,1781.0,1895.0,1955.0,2052.0,2162.0,2319.0,2397.0,2460.0,2530.0
VILLAWOOD,6663.0,7334.0,7891.0,8544.0,9226.0,10440.0,11822.0,13345.0,14340.0,6073.0,6225.0,6238.0,6242.0,6437.0,6588.0,6742.0,6916.0,7151.0
VINEYARD,1195.0,1850.0,3818.0,6398.0,8432.0,8654.0,8848.0,8994.0,9186.0,715.0,1010.0,1146.0,1280.0,1430.0,1520.0,1570.0,1607.0,1716.0
VOYAGER POINT,1722.0,1744.0,2289.0,2382.0,2388.0,2392.0,2605.0,2903.0,3504.0,101.0,109.0,117.0,124.0,131.0,139.0,150.0,165.0,181.0
WAHROONGA,19370.0,20326.0,21176.0,21950.0,22446.0,23460.0,24555.0,25736.0,26995.0,8374.0,8852.0,9555.0,10159.0,10634.0,11372.0,12091.0,12777.0,13489.0
WAITARA,4519.0,6399.0,7324.0,7800.0,7993.0,8325.0,8717.0,9177.0,9673.0,860.0,894.0,957.0,1012.0,1075.0,1153.0,1226.0,1293.0,1359.0
WAKELEY,4884.0,4960.0,5163.0,5321.0,5517.0,5664.0,5827.0,6003.0,6180.0,953.0,1087.0,1149.0,1244.0,1309.0,1401.0,1468.0,1570.0,1684.0
WALLACIA,1797.0,1829.0,1910.0,2169.0,2674.0,2498.0,2427.0,2485.0,2617.0,440.0,459.0,470.0,497.0,517.0,544.0,573.0,612.0,652.0
WAREEMBA,3303.0,3519.0,3726.0,3833.0,3893.0,3932.0,3980.0,4035.0,4051.0,489.0,557.0,608.0,642.0,676.0,716.0,757.0,796.0,836.0
WARRAWEE,2021.0,2264.0,2405.0,2502.0,2741.0,3191.0,3574.0,3884.0,4086.0,331.0,363.0,391.0,414.0,429.0,457.0,482.0,506.0,531.0
WARRIEWOOD,10718.0,11438.0,11802.0,12056.0,12918.0,13614.0,14407.0,15277.0,16367.0,7419.0,7626.0,7828.0,8217.0,8728.0,9130.0,9496.0,9825.0,10231.0
WARRIMOO,2516.0,2527.0,2568.0,2574.0,2640.0,2738.0,2838.0,2946.0,3038.0,307.0,320.0,334.0,344.0,359.0,378.0,396.0,416.0,438.0
WARWICK FARM,6058.0,7277.0,9859.0,12038.0,12482.0,15117.0,17992.0,21383.0,23971.0,4115.0,4256.0,4177.0,4294.0,4336.0,4648.0,5110.0,5658.0,6283.0
WATERLOO,15545.0,16500.0,17548.0,20909.0,23650.0,25271.0,26891.0,28508.0,30239.0,6237.0,6690.0,6811.0,7185.0,7515.0,7852.0,8190.0,8481.0,8755.0
WATSONS BAY,905.0,906.0,909.0,915.0,920.0,950.0,960.0,969.0,987.0,926.0,1089.0,1149.0,1219.0,1293.0,1373.0,1423.0,1460.0,1505.0
WATTLE GROVE,10969.0,11209.0,11557.0,11730.0,11846.0,12167.0,12589.0,13098.0,13402.0,1065.0,1164.0,1273.0,1358.0,1412.0,1506.0,1651.0,1824.0,1982.0
WAVERLEY,4653.0,4703.0,4737.0,4785.0,4875.0,5131.0,5368.0,5644.0,5924.0,1960.0,2126.0,2224.0,2356.0,2528.0,2706.0,2873.0,3029.0,3186.0
WAVERTON,4259.0,4314.0,4394.0,4476.0,4657.0,4915.0,5139.0,5359.0,5643.0,1099.0,1200.0,1257.0,1327.0,1402.0,1473.0,1528.0,1570.0,1615.0
WEDDERBURN,647.0,656.0,661.0,662.0,663.0,663.0,663.0,663.0,662.0,165.0,173.0,190.0,195.0,206.0,206.0,203.0,202.0,206.0
WENTWORTH FALLS,6194.0,6216.0,6270.0,6279.0,6372.0,6498.0,6618.0,6747.0,6927.0,1312.0,1377.0,1436.0,1480.0,1544.0,1616.0,1684.0,1771.0,1865.0
WENTWORTH POINT,7312.0,14567.0,18225.0,19890.0,20727.0,21103.0,21512.0,22020.0,23295.0,343.0,362.0,402.0,428.0,452.0,472.0,500.0,527.0,551.0
WENTWORTHVILLE,12880.0,15787.0,16952.0,18257.0,19651.0,20443.0,21129.0,21777.0,22147.0,2709.0,2776.0,3106.0,3329.0,3579.0,3780.0,4019.0,4240.0,4458.0
WERRINGTON,4134.0,5058.0,5665.0,6803.0,9531.0,9853.0,10237.0,10698.0,11161.0,1238.0,1388.0,1529.0,1664.0,1802.0,1969.0,2150.0,2361.0,2580.0
WERRINGTON COUNTY,3813.0,4242.0,4910.0,5250.0,5411.0,6102.0,6782.0,7455.0,8132.0,587.0,644.0,680.0,729.0,780.0,823.0,871.0,938.0,1017.0
WERRINGTON DOWNS,3335.0,3465.0,3633.0,3707.0,3745.0,4382.0,5005.0,5620.0,6240.0,9.0,10.0,10.0,11.0,12.0,13.0,13.0,14.0,16.0
WEST HOXTON,10404.0,10537.0,11190.0,12013.0,12160.0,11439.0,12014.0,12846.0,14976.0,1128.0,1285.0,1755.0,2095.0,2550.0,2643.0,2574.0,2481.0,2727.0
WEST PENNANT HILLS,16771.0,17131.0,17367.0,17550.0,18210.0,20379.0,22915.0,25738.0,27243.0,4108.0,4685.0,5164.0,5614.0,6084.0,6619.0,7131.0,7670.0,8327.0
WEST PYMBLE,5504.0,5570.0,5602.0,5620.0,5703.0,5876.0,6038.0,6244.0,6535.0,928.0,997.0,1073.0,1134.0,1174.0,1246.0,1312.0,1372.0,1435.0
WEST RYDE,14396.0,14674.0,15741.0,16400.0,17151.0,18336.0,19520.0,20695.0,21220.0,4921.0,5681.0,6112.0,6494.0,6891.0,7192.0,7514.0,7797.0,8111.0
WESTLEIGH,3810.0,3831.0,3851.0,3880.0,3967.0,4177.0,4382.0,4573.0,4808.0,392.0,413.0,440.0,464.0,493.0,525.0,555.0,581.0,607.0
WESTMEAD,16731.0,19489.0,21151.0,22693.0,23918.0,24418.0,24735.0,25037.0,25835.0,15675.0,16782.0,18438.0,20328.0,22367.0,25004.0,27237.0,29493.0,31374.0
WETHERILL PARK,5901.0,6066.0,6185.0,6300.0,6456.0,6663.0,6891.0,7136.0,7384.0,23450.0,23845.0,23907.0,24982.0,25527.0,26380.0,27043.0,28315.0,30234.0
WHALAN,6199.0,6375.0,6400.0,6443.0,6506.0,6589.0,6721.0,6876.0,7088.0,469.0,519.0,558.0,596.0,648.0,694.0,742.0,787.0,831.0
WHEELER HEIGHTS,4412.0,4458.0,4489.0,4509.0,4562.0,5052.0,5531.0,5969.0,6427.0,1085.0,1070.0,1102.0,1200.0,1312.0,1414.0,1510.0,1599.0,1691.0
WILBERFORCE,2337.0,2387.0,2449.0,2524.0,2593.0,2804.0,3012.0,3234.0,3458.0,535.0,578.0,585.0,601.0,627.0,662.0,693.0,726.0,768.0
WILEY PARK,10685.0,11023.0,11787.0,13608.0,15605.0,15987.0,16600.0,17315.0,18173.0,842.0,882.0,979.0,1042.0,1124.0,1175.0,1226.0,1274.0,1332.0
WILLMOT,2490.0,2551.0,2598.0,2625.0,2652.0,2697.0,2769.0,2856.0,2976.0,19.0,19.0,18.0,19.0,20.0,21.0,22.0,23.0,24.0
WILLOUGHBY,5054.0,5186.0,5313.0,5489.0,5726.0,5927.0,6147.0,6380.0,6633.0,2382.0,2466.0,2523.0,2586.0,2642.0,2691.0,2738.0,2784.0,2839.0
WILLOUGHBY EAST,2475.0,2493.0,2522.0,2576.0,2662.0,2783.0,2916.0,3060.0,3178.0,672.0,688.0,689.0,684.0,708.0,736.0,754.0,769.0,785.0
WILTON,3189.0,3714.0,9277.0,15686.0,22725.0,26510.0,29183.0,31306.0,33447.0,603.0,801.0,1574.0,1881.0,2361.0,2907.0,3570.0,4107.0,4226.0
WINDSOR,1228.0,1279.0,1290.0,1307.0,1332.0,1913.0,2496.0,3129.0,3767.0,3188.0,3301.0,3390.0,3491.0,3615.0,3858.0,4073.0,4313.0,4592.0
WINDSOR DOWNS,1220.0,1243.0,1255.0,1271.0,1280.0,1280.0,1279.0,1279.0,1279.0,183.0,187.0,189.0,193.0,199.0,211.0,221.0,232.0,247.0
WINMALEE,3316.0,3325.0,3355.0,3360.0,3404.0,3522.0,3653.0,3794.0,3889.0,936.0,955.0,991.0,1013.0,1047.0,1082.0,1114.0,1146.0,1191.0
WINSTON HILLS,12507.0,12972.0,13530.0,14173.0,14971.0,15708.0,16357.0,16993.0,17182.0,3076.0,3150.0,3576.0,3817.0,4111.0,4318.0,4527.0,4724.0,4921.0
WOLLI CREEK,6570.0,11146.0,13904.0,16092.0,18046.0,19803.0,21197.0,22680.0,24243.0,1161.0,1933.0,2210.0,2628.0,2738.0,2897.0,3047.0,3181.0,3328.0
WOLLSTONECRAFT,8462.0,8786.0,9488.0,10658.0,11859.0,12523.0,13385.0,14269.0,15038.0,2802.0,2940.0,3155.0,3402.0,3665.0,3934.0,4189.0,4424.0,4676.0
WOMERAH,1187.0,1188.0,1190.0,1205.0,1253.0,1253.0,1254.0,1254.0,1255.0,371.0,400.0,406.0,418.0,435.0,458.0,478.0,499.0,527.0
WOODBINE,2817.0,2885.0,3013.0,3115.0,3252.0,3699.0,4241.0,4872.0,5507.0,247.0,258.0,278.0,284.0,296.0,308.0,314.0,333.0,354.0
WOODCROFT,6655.0,6711.0,6702.0,6670.0,6680.0,6710.0,6781.0,6874.0,7025.0,548.0,570.0,582.0,588.0,619.0,639.0,668.0,690.0,711.0
WOODFORD,1993.0,1999.0,2021.0,2024.0,2058.0,2108.0,2162.0,2220.0,2264.0,126.0,136.0,144.0,148.0,154.0,160.0,166.0,174.0,183.0
WOOLLAHRA,8057.0,8070.0,8093.0,8140.0,8179.0,8388.0,8460.0,8532.0,8677.0,3327.0,3500.0,3616.0,3781.0,3965.0,4244.0,4362.0,4455.0,4559.0
WOOLLOOMOOLOO,4784.0,4926.0,5048.0,5356.0,5462.0,5559.0,5659.0,5765.0,5872.0,4472.0,4677.0,4805.0,5072.0,5316.0,5605.0,5909.0,6184.0,6441.0
WOOLOOWARE,4544.0,5183.0,5500.0,5788.0,6169.0,6976.0,7704.0,8283.0,9030.0,1287.0,1546.0,1669.0,1838.0,1971.0,2086.0,2196.0,2287.0,2382.0
WOOLWICH,844.0,843.0,846.0,850.0,863.0,895.0,928.0,960.0,998.0,450.0,482.0,510.0,531.0,554.0,585.0,616.0,643.0,672.0
WORONORA HEIGHTS,3764.0,3772.0,3775.0,3777.0,3819.0,3990.0,4137.0,4248.0,4528.0,282.0,301.0,316.0,334.0,357.0,378.0,398.0,416.0,435.0
YAGOONA,18375.0,19645.0,21064.0,22036.0,23344.0,25111.0,26769.0,28370.0,30108.0,1972.0,2028.0,2140.0,2240.0,2342.0,2439.0,2544.0,2641.0,2764.0
YARRAWARRAH,3182.0,3199.0,3214.0,3235.0,3295.0,3467.0,3618.0,3746.0,3971.0,413.0,456.0,478.0,509.0,546.0,579.0,611.0,639.0,669.0
YELLOW ROCK,1487.0,1496.0,1506.0,1508.0,1532.0,1556.0,1574.0,1593.0,1646.0,332.0,326.0,337.0,342.0,350.0,357.0,363.0,369.0,381.0
YENNORA,14.0,14.0,14.0,14.0,14.0,14.0,14.0,14.0,14.0,3714.0,3781.0,3785.0,3684.0,3798.0,3902.0,4015.0,4115.0,4274.0
YOWIE BAY,2798.0,2826.0,2860.0,2916.0,2999.0,3136.0,3273.0,3418.0,3527.0,341.0,364.0,377.0,396.0,423.0,447.0,470.0,488.0,509.0
ZETLAND,10706.0,12783.0,13270.0,14637.0,16171.0,17617.0,19097.0,20573.0,22180.0,3396.0,6700.0,7787.0,9224.0,9730.0,10262.0,10753.0,11169.0,11614.0
